name,category,city,postal_code,address,rating,reviews,dist_1,dist_2,dist_3,dist_4,dist_5,range_min,range_max,banner_text,website,image,price_level,business_status,phone,plus_code,lat,lng,url,key,aidos_version,captured_at
Ohayou Sushi Restaurant,,,,,4.6,6,6,6,41,126,381,51,100,51 bis 100 Bewertungen aufgrund von Beschwerden wegen Diffamierung entfernt,,,,operational,,,48.1672949,11.5737835,"https://www.google.com/maps/place/Ohayou+Sushi+Restaurant/@48.1672949,11.5737835,17z/data=!4m8!3m7!1s0x410903d9f7f2a36f:0xdebe05b3325e3829!8m2!3d48.1672949!4d11.5737835!9m1!1b1!16s%2Fg%2F1wrgj4h9?entry=ttu&g_ep=EgoyMDI2MDYyOS4wIKXMDSoASAFQAw%3D%3D",0x410903d9f7f2a36f:0xdebe05b3325e3829,v0.9,2026-07-05T00:45:20.312Z
Longericher Grillstation,,,,,4.6,8,5,2,12,76,206,51,100,51 bis 100 Bewertungen aufgrund von Beschwerden wegen Diffamierung entfernt,,,,operational,,,50.9949856,6.9134507,"https://www.google.com/maps/place/Longericher+Grillstation/@50.9949856,6.9134507,17z/data=!4m8!3m7!1s0x41718567d8c69e21:0xf5a7819b94cfe6f1!8m2!3d50.9949856!4d6.9134507!9m1!1b1!16s%2Fg%2F1th1bvyq?entry=ttu&g_ep=EgoyMDI2MDYyOS4wIKXMDSoASAFQAw%3D%3D",0x41718567d8c69e21:0xf5a7819b94cfe6f1,v0.9,2026-07-05T07:14:31.483Z
HNO Praxis Senol,,,,,4.4,26,26,5,4,7,191,11,20,11 bis 20 Bewertungen aufgrund von Beschwerden wegen Diffamierung entfernt,,,,operational,,,50.9622972,7.006091,"https://www.google.com/maps/place/HNO+Praxis+Senol/@50.9622972,7.006091,17z/data=!4m8!3m7!1s0x417185b8c6a95c3f:0x2873f40208d6cf3!8m2!3d50.9622972!4d7.006091!9m1!1b1!16s%2Fg%2F1vzqrd4h?entry=ttu&g_ep=EgoyMDI2MDYyOS4wIKXMDSoASAFQAw%3D%3D",0x417185b8c6a95c3f:0x2873f40208d6cf3,v0.9,2026-07-05T04:16:05.264Z
Tang Wang Köln,,,,,4.7,13,3,2,13,155,488,151,200,151 bis 200 Bewertungen aufgrund von Beschwerden wegen Diffamierung entfernt,,,,operational,,,50.9451574,6.9582055,"https://www.google.com/maps/place/Tang+Wang+K%C3%B6ln/@50.9451574,6.9582055,17z/data=!4m8!3m7!1s0x417185d66341fd57:0x4a5b5d361a478191!8m2!3d50.9451574!4d6.9582055!9m1!1b1!16s%2Fg%2F1ydprd4wv?entry=ttu&g_ep=EgoyMDI2MDYyOS4wIKXMDSoASAFQAw%3D%3D",0x417185d66341fd57:0x4a5b5d361a478191,v0.9,2026-07-05T06:50:11.357Z
Pommes De Luxe,,,,,4.6,23,6,4,2,70,176,51,100,51 bis 100 Bewertungen aufgrund von Beschwerden wegen Diffamierung entfernt,,,,operational,,,50.9366368,6.9541403,"https://www.google.com/maps/place/Pommes+De+Luxe/@50.9366368,6.9541403,17z/data=!4m8!3m7!1s0x4171867da0c59ff1:0x23d1a6b7f8d8ef4b!8m2!3d50.9366368!4d6.9541403!9m1!1b1!16s%2Fg%2F1tg85ss2?entry=ttu&g_ep=EgoyMDI2MDYyOS4wIKXMDSoASAFQAw%3D%3D",0x4171867da0c59ff1:0x23d1a6b7f8d8ef4b,v0.9,2026-07-05T07:09:35.197Z
Autohaus Elegance Cologne E. K.,,,,,4.9,7,10,0,1,31,837,21,50,21 bis 50 Bewertungen aufgrund von Beschwerden wegen Diffamierung entfernt,,,,operational,,,50.8592046,7.095004,"https://www.google.com/maps/place/Autohaus+Elegance+Cologne+E.+K./@50.8592046,7.095004,17z/data=!4m8!3m7!1s0x417229f69fa7fd5b:0xd5262e34ca2c032c!8m2!3d50.8592046!4d7.095004!9m1!1b1!16s%2Fg%2F1tfwp2gr?entry=ttu&g_ep=EgoyMDI2MDYyOS4wIKXMDSoASAFQAw%3D%3D",0x417229f69fa7fd5b:0xd5262e34ca2c032c,v0.9,2026-07-05T05:16:42.418Z
AMBER ECONTEL München,,,,,4,1011,29,14,241,364,363,151,200,151 bis 200 Bewertungen aufgrund von Beschwerden wegen Diffamierung entfernt,,,,operational,,,48.1425795,11.4259191,"https://www.google.com/maps/place/AMBER+ECONTEL+M%C3%BCnchen/@48.1425795,11.4259191,17z/data=!4m11!3m10!1s0x479dd7e42b110063:0x3996b45df9b51bb5!5m2!4m1!1i2!8m2!3d48.1425795!4d11.4259191!9m1!1b1!16s%2Fg%2F1ty737sj?entry=ttu&g_ep=EgoyMDI2MDYyOS4wIKXMDSoASAFQAw%3D%3D",0x479dd7e42b110063:0x3996b45df9b51bb5,v0.9,2026-07-05T01:26:34.106Z
Seibel's Park-Hotel,,,,,4.2,396,12,9,72,110,193,21,50,21 bis 50 Bewertungen aufgrund von Beschwerden wegen Diffamierung entfernt,,,,operational,,,48.1416667,11.4489104,"https://www.google.com/maps/place/Seibel's+Park-Hotel/@48.1416667,11.4489104,17z/data=!4m11!3m10!1s0x479dd803de71ad81:0xe1cb381647faf954!5m2!4m1!1i2!8m2!3d48.1416667!4d11.4489104!9m1!1b1!16s%2Fg%2F1tcxt6wg?entry=ttu&g_ep=EgoyMDI2MDYyOS4wIKXMDSoASAFQAw%3D%3D",0x479dd803de71ad81:0xe1cb381647faf954,v0.9,2026-07-05T01:30:56.782Z
Zahnarzt in Pasing Dr. Dr. med. dent. Vadachkoria,,,,,4.7,13,5,3,3,7,144,11,20,11 bis 20 Bewertungen aufgrund von Beschwerden wegen Diffamierung entfernt,,,,operational,,,48.1468118,11.4580914,"https://www.google.com/maps/place/Zahnarzt+in+Pasing+Dr.+Dr.+med.+dent.+Vadachkoria/@48.1468118,11.4580914,17z/data=!4m8!3m7!1s0x479dd808744c6f0f:0x7710957dcdedb80f!8m2!3d48.1468118!4d11.4580914!9m1!1b1!16s%2Fg%2F1tgj7td5?entry=ttu&g_ep=EgoyMDI2MDYyOS4wIKXMDSoASAFQAw%3D%3D",0x479dd808744c6f0f:0x7710957dcdedb80f,v0.9,2026-07-04T20:47:45.811Z
Kieferorthopäde München - Dr. Sebastian Krause,,,,,4.9,9,2,2,0,2,189,21,50,21 bis 50 Bewertungen aufgrund von Beschwerden wegen Diffamierung entfernt,,,,operational,,,48.094596,11.5084695,"https://www.google.com/maps/place/Kieferorthop%C3%A4de+M%C3%BCnchen+-+Dr.+Sebastian+Krause/@48.094596,11.5084695,17z/data=!3m1!5s0x479dd923b78a4077:0x2f8efd58a67c7828!4m8!3m7!1s0x479dd9357a1a91ff:0x3d8943ba037c2da6!8m2!3d48.094596!4d11.5084695!9m1!1b1!16s%2Fg%2F11fk3s8vb9?entry=ttu&g_ep=EgoyMDI2MDYyOS4wIKXMDSoASAFQAw%3D%3D",0x479dd9357a1a91ff:0x3d8943ba037c2da6,v0.9,2026-07-04T21:12:19.917Z
Gasthof Hinterbrühl Beer Garden,,,,,4.5,37,23,24,35,612,1141,201,250,201 bis 250 Bewertungen aufgrund von Beschwerden wegen Diffamierung entfernt,,,,operational,,,48.0861433,11.5402224,"https://www.google.com/maps/place/Gasthof+Hinterbr%C3%BChl+Beer+Garden/@48.0861433,11.5402224,17z/data=!4m8!3m7!1s0x479ddecf8a2c0b3b:0x82a6663cd417acd8!8m2!3d48.0861433!4d11.5402224!9m1!1b1!16s%2Fg%2F12245m9x?entry=ttu&g_ep=EgoyMDI2MDYyOS4wIKXMDSoASAFQAw%3D%3D",0x479ddecf8a2c0b3b:0x82a6663cd417acd8,v0.9,2026-07-05T00:28:08.681Z
Hoang Jaa - Vietnamese Kitchen am Viktualienmarkt,,,,,4.7,5,2,3,9,34,207,21,50,21 bis 50 Bewertungen aufgrund von Beschwerden wegen Diffamierung entfernt,,,,operational,,,48.1345038,11.5757179,"https://www.google.com/maps/place/Hoang+Jaa+-+Vietnamese+Kitchen+am+Viktualienmarkt/@48.1345038,11.5757179,17z/data=!3m1!5s0x479e75a851e4f605:0xe868afbdcb824b9b!4m8!3m7!1s0x479ddf03da82946b:0x1d2036b4b6fdb20a!8m2!3d48.1345038!4d11.5757179!9m1!1b1!16s%2Fg%2F11lbgy05kd?entry=ttu&g_ep=EgoyMDI2MDYyOS4wIKXMDSoASAFQAw%3D%3D",0x479ddf03da82946b:0x1d2036b4b6fdb20a,v0.9,2026-07-05T01:15:07.837Z
Ristorante Vicari Haidhausen München,,,,,4.7,8,0,2,12,33,194,21,50,21 bis 50 Bewertungen aufgrund von Beschwerden wegen Diffamierung entfernt,,,,operational,,,48.1311525,11.5967128,"https://www.google.com/maps/place/Ristorante+Vicari+Haidhausen+M%C3%BCnchen/@48.1311525,11.5967128,17z/data=!3m1!5s0x479ddf7fb8c32ef9:0x5a48fdae540d4708!4m8!3m7!1s0x479ddf106c53c9c5:0x71b2c9f193391cca!8m2!3d48.1311525!4d11.5967128!9m1!1b1!16s%2Fg%2F11pcrrvb8s?entry=ttu&g_ep=EgoyMDI2MDYyOS4wIKXMDSoASAFQAw%3D%3D",0x479ddf106c53c9c5:0x71b2c9f193391cca,v0.9,2026-07-05T00:38:29.647Z
Hotel Wetterstein,,,,,4.3,907,2,1,133,318,453,51,100,51 bis 100 Bewertungen aufgrund von Beschwerden wegen Diffamierung entfernt,,,,operational,,,48.1080014,11.5730861,"https://www.google.com/maps/place/Hotel+Wetterstein/@48.1080014,11.5730861,17z/data=!4m11!3m10!1s0x479ddf11a78f9a43:0x9aa17d324164ac91!5m2!4m1!1i2!8m2!3d48.1080014!4d11.5730861!9m1!1b1!16s%2Fg%2F1tgm1vkp?entry=ttu&g_ep=EgoyMDI2MDYyOS4wIKXMDSoASAFQAw%3D%3D",0x479ddf11a78f9a43:0x9aa17d324164ac91,v0.9,2026-07-05T01:28:01.762Z
Mykonos,,,,,4.7,5,2,0,44,163,797,21,50,21 bis 50 Bewertungen aufgrund von Beschwerden wegen Diffamierung entfernt,,,,operational,,,48.1092803,11.538415,"https://www.google.com/maps/place/Mykonos/@48.1092803,11.538415,17z/data=!4m8!3m7!1s0x479ddf32b93b3043:0xbc800c7f77af4235!8m2!3d48.1092803!4d11.538415!9m1!1b1!16s%2Fg%2F1wk7pvmk?entry=ttu&g_ep=EgoyMDI2MDYyOS4wIKXMDSoASAFQAw%3D%3D",0x479ddf32b93b3043:0xbc800c7f77af4235,v0.9,2026-07-05T00:39:05.528Z
Hotel Uhland,,,,,4.6,283,4,0,6,87,186,21,50,21 bis 50 Bewertungen aufgrund von Beschwerden wegen Diffamierung entfernt,,,,operational,,,48.1341648,11.5551385,"https://www.google.com/maps/place/Hotel+Uhland/@48.1341648,11.5551385,17z/data=!4m11!3m10!1s0x479ddf56898d6a53:0xafa71461463858bc!5m2!4m1!1i2!8m2!3d48.1341648!4d11.5551385!9m1!1b1!16s%2Fg%2F1tg7q_kb?entry=ttu&g_ep=EgoyMDI2MDYyOS4wIKXMDSoASAFQAw%3D%3D",0x479ddf56898d6a53:0xafa71461463858bc,v0.9,2026-07-05T01:28:30.716Z
Isabel's Beauty Club (beauty salon),,,,,4.9,46,5,2,5,14,749,21,50,21 bis 50 Bewertungen aufgrund von Beschwerden wegen Diffamierung entfernt,,,,operational,,,48.1336235,11.5025162,"https://www.google.com/maps/place/Isabel's+Beauty+Club+(beauty+salon)/@48.1336235,11.5025162,17z/data=!3m1!5s0x479dd885c7506b6d:0x563df7f4b63f466b!4m8!3m7!1s0x479ddf589d89a93b:0xb849fa0b301b9d02!8m2!3d48.1336235!4d11.5025162!9m1!1b1!16s%2Fg%2F124syj7sf?entry=ttu&g_ep=EgoyMDI2MDYyOS4wIKXMDSoASAFQAw%3D%3D",0x479ddf589d89a93b:0xb849fa0b301b9d02,v0.9,2026-07-04T23:56:19.775Z
Afrokings & Ebony Beauty,,,,,4.7,2,7,0,0,41,178,51,100,51 bis 100 Bewertungen aufgrund von Beschwerden wegen Diffamierung entfernt,,,,operational,,,48.1387035,11.5514324,"https://www.google.com/maps/place/Afrokings+%26+Ebony+Beauty/@48.1387035,11.5514324,17z/data=!4m8!3m7!1s0x479ddf5bb6623f65:0x87434f84e387758e!8m2!3d48.1387035!4d11.5514324!9m1!1b1!16s%2Fg%2F1wc46z8j?entry=ttu&g_ep=EgoyMDI2MDYyOS4wIKXMDSoASAFQAw%3D%3D",0x479ddf5bb6623f65:0x87434f84e387758e,v0.9,2026-07-04T23:55:51.458Z
Paradiso Tanzbar,,,,,4.5,6,18,0,8,80,228,21,50,21 bis 50 Bewertungen aufgrund von Beschwerden wegen Diffamierung entfernt,,,,operational,,,48.1332081,11.574893,"https://www.google.com/maps/place/Paradiso+Tanzbar/@48.1332081,11.574893,17z/data=!3m1!5s0x479ddf6041f106e9:0x2f0cb4ddc7fa132f!4m8!3m7!1s0x479ddf604172a19b:0xa554bc0ffe90a982!8m2!3d48.1332081!4d11.574893!9m1!1b1!16s%2Fg%2F1w454lyv?entry=ttu&g_ep=EgoyMDI2MDYyOS4wIKXMDSoASAFQAw%3D%3D",0x479ddf604172a19b:0xa554bc0ffe90a982,v0.9,2026-07-04T23:03:15.344Z
Dr. med. Christoph Scharf,,,,,4.5,3,9,0,0,4,67,21,50,21 bis 50 Bewertungen aufgrund von Beschwerden wegen Diffamierung entfernt,,,,operational,,,48.1302614,11.5778966,"https://www.google.com/maps/place/Dr.+med.+Christoph+Scharf/@48.1302614,11.5778966,17z/data=!3m1!5s0x479ddf6144dadb9f:0xa85449e2d14fde50!4m8!3m7!1s0x479ddf6145242d1b:0xbf674d0f5ae1ce74!8m2!3d48.1302614!4d11.5778966!9m1!1b1!16s%2Fg%2F1tfq3m_q?entry=ttu&g_ep=EgoyMDI2MDYyOS4wIKXMDSoASAFQAw%3D%3D",0x479ddf6145242d1b:0xbf674d0f5ae1ce74,v0.9,2026-07-04T21:28:27.320Z
Hotel Admiral,,,,,4.5,379,4,1,36,109,229,21,50,21 bis 50 Bewertungen aufgrund von Beschwerden wegen Diffamierung entfernt,,,,operational,,,48.13175,11.5812611,"https://www.google.com/maps/place/Hotel+Admiral/@48.13175,11.5812611,17z/data=!4m11!3m10!1s0x479ddf624cac99b9:0xd76067c42e627f48!5m2!4m1!1i2!8m2!3d48.13175!4d11.5812611!9m1!1b1!16s%2Fg%2F1tf473w0?entry=ttu&g_ep=EgoyMDI2MDYyOS4wIKXMDSoASAFQAw%3D%3D",0x479ddf624cac99b9:0xd76067c42e627f48,v0.9,2026-07-05T01:29:19.436Z
Indian Mango,,,,,4.7,71,15,9,11,484,1305,51,100,51 bis 100 Bewertungen aufgrund von Beschwerden wegen Diffamierung entfernt,,,,operational,,,48.1329156,11.584244,"https://www.google.com/maps/place/Indian+Mango/@48.1329156,11.584244,17z/data=!3m1!5s0x479ddf62916b0523:0x72ac533f0beec3f7!4m8!3m7!1s0x479ddf62915e5637:0xa4407297016e02d5!8m2!3d48.1329156!4d11.584244!9m1!1b1!16s%2Fg%2F1tgn8lx3?entry=ttu&g_ep=EgoyMDI2MDYyOS4wIKXMDSoASAFQAw%3D%3D",0x479ddf62915e5637:0xa4407297016e02d5,v0.9,2026-07-05T00:52:24.593Z
Hotel Prinz München,,,,,4.5,289,2,5,3,103,176,51,100,51 bis 100 Bewertungen aufgrund von Beschwerden wegen Diffamierung entfernt,,,,operational,,,48.1244386,11.5861124,"https://www.google.com/maps/place/Hotel+Prinz+M%C3%BCnchen/@48.1244386,11.5861124,17z/data=!4m11!3m10!1s0x479ddf7a897a1e99:0x1dcc5235fcb7eb36!5m2!4m1!1i2!8m2!3d48.1244386!4d11.5861124!9m1!1b1!16s%2Fg%2F11_t0lxvh?entry=ttu&g_ep=EgoyMDI2MDYyOS4wIKXMDSoASAFQAw%3D%3D",0x479ddf7a897a1e99:0x1dcc5235fcb7eb36,v0.9,2026-07-05T01:26:07.017Z
Restaurant Diyar,,,,,4.8,22,5,2,9,73,638,21,50,21 bis 50 Bewertungen aufgrund von Beschwerden wegen Diffamierung entfernt,,,,operational,,,48.1311805,11.5987583,"https://www.google.com/maps/place/Restaurant+Diyar/@48.1311805,11.5987583,17z/data=!4m8!3m7!1s0x479ddf7ff5ff194b:0x9a76bf86f339baf3!8m2!3d48.1311805!4d11.5987583!9m1!1b1!16s%2Fg%2F1w0j35g0?entry=ttu&g_ep=EgoyMDI2MDYyOS4wIKXMDSoASAFQAw%3D%3D",0x479ddf7ff5ff194b:0x9a76bf86f339baf3,v0.9,2026-07-05T00:37:51.709Z
Cafe Voila,,,,,4.6,17,6,0,1,353,623,51,100,51 bis 100 Bewertungen aufgrund von Beschwerden wegen Diffamierung entfernt,,,,operational,,,48.1318599,11.5984998,"https://www.google.com/maps/place/Cafe+Voila/@48.1318599,11.5984998,17z/data=!4m8!3m7!1s0x479ddf7ffbdc720b:0xef0ddac45880a18!8m2!3d48.1318599!4d11.5984998!9m1!1b1!16s%2Fg%2F11b6d292xv?entry=ttu&g_ep=EgoyMDI2MDYyOS4wIKXMDSoASAFQAw%3D%3D",0x479ddf7ffbdc720b:0xef0ddac45880a18,v0.9,2026-07-05T00:37:30.819Z
FROMMER LEGAL,,,,,3.8,2,8,0,0,0,19,21,50,21 bis 50 Bewertungen aufgrund von Beschwerden wegen Diffamierung entfernt,,,,operational,,,48.1323751,11.5545902,"https://www.google.com/maps/place/FROMMER+LEGAL/@48.1323751,11.5545902,17z/data=!4m8!3m7!1s0x479ddf8713520255:0x351543d4ad88ccee!8m2!3d48.1323751!4d11.5545902!9m1!1b1!16s%2Fg%2F11s2v6h5fq?entry=ttu&g_ep=EgoyMDI2MDYyOS4wIKXMDSoASAFQAw%3D%3D",0x479ddf8713520255:0x351543d4ad88ccee,v0.9,2026-07-04T21:56:12.072Z
Horst Kohl Automobile,,,,,4.8,4,2,0,5,7,94,11,20,11 bis 20 Bewertungen aufgrund von Beschwerden wegen Diffamierung entfernt,,,,operational,,,48.1047193,11.5901984,"https://www.google.com/maps/place/Horst+Kohl+Automobile/@48.1047193,11.5901984,17z/data=!4m8!3m7!1s0x479ddfa7bb068051:0x9b0a870193531da7!8m2!3d48.1047193!4d11.5901984!9m1!1b1!16s%2Fg%2F1tfrqxf4?entry=ttu&g_ep=EgoyMDI2MDYyOS4wIKXMDSoASAFQAw%3D%3D",0x479ddfa7bb068051:0x9b0a870193531da7,v0.9,2026-07-04T22:50:15.351Z
Bräustüberl der Forschungsbrauerei,,,,,4.7,59,12,4,8,255,784,101,150,101 bis 150 Bewertungen aufgrund von Beschwerden wegen Diffamierung entfernt,,,,operational,,,48.0941438,11.6248116,"https://www.google.com/maps/place/Br%C3%A4ust%C3%BCberl+der+Forschungsbrauerei/@48.0941438,11.6248116,17z/data=!4m8!3m7!1s0x479ddfd21fcf044f:0x19d403847cdf0ae7!8m2!3d48.0941438!4d11.6248116!9m1!1b1!16s%2Fg%2F122z2grn?entry=ttu&g_ep=EgoyMDI2MDYyOS4wIKXMDSoASAFQAw%3D%3D",0x479ddfd21fcf044f:0x19d403847cdf0ae7,v0.9,2026-07-05T00:30:59.567Z
Der Hufnagel,,,,,4.6,5,2,3,188,635,1788,21,50,21 bis 50 Bewertungen aufgrund von Beschwerden wegen Diffamierung entfernt,,,,operational,,,48.1013639,11.6287628,"https://www.google.com/maps/place/Der+Hufnagel/@48.1013639,11.6287628,17z/data=!3m1!5s0x479ddfdafc57dfaf:0x2c8fd5efd9e13020!4m8!3m7!1s0x479ddfdafc543c8f:0x8f460ee844bc26d7!8m2!3d48.1013639!4d11.6287628!9m1!1b1!16s%2Fg%2F1tdkl644?entry=ttu&g_ep=EgoyMDI2MDYyOS4wIKXMDSoASAFQAw%3D%3D",0x479ddfdafc543c8f:0x8f460ee844bc26d7,v0.9,2026-07-05T00:32:35.819Z
Neurologie am Ostbahnhof,,,,,4.1,17,6,3,4,2,34,11,20,11 bis 20 Bewertungen aufgrund von Beschwerden wegen Diffamierung entfernt,,,,operational,,,48.1295495,11.6032818,"https://www.google.com/maps/place/Neurologie+am+Ostbahnhof/@48.1295495,11.6032818,17z/data=!4m8!3m7!1s0x479ddfe97136b14d:0x4159532f41d989f9!8m2!3d48.1295495!4d11.6032818!9m1!1b1!16s%2Fg%2F11h4nkmtbk?entry=ttu&g_ep=EgoyMDI2MDYyOS4wIKXMDSoASAFQAw%3D%3D",0x479ddfe97136b14d:0x4159532f41d989f9,v0.9,2026-07-04T21:33:12.808Z
Kreiller´s Kitchen & Bar,,,,,4.3,62,29,3,189,472,752,151,200,151 bis 200 Bewertungen aufgrund von Beschwerden wegen Diffamierung entfernt,,,,operational,,,48.1277035,11.6340153,"https://www.google.com/maps/place/Kreiller%C2%B4s+Kitchen+%26+Bar/@48.1277035,11.6340153,17z/data=!4m8!3m7!1s0x479ddff7cb8c5bfd:0x3c17f3ca4dc358ff!8m2!3d48.1277035!4d11.6340153!9m1!1b1!16s%2Fg%2F1tgd5hpz?entry=ttu&g_ep=EgoyMDI2MDYyOS4wIKXMDSoASAFQAw%3D%3D",0x479ddff7cb8c5bfd:0x3c17f3ca4dc358ff,v0.9,2026-07-05T00:47:07.387Z
Dr. med. Michael Richter & Stefanie Schetzek,,,,,4.3,2,11,2,2,5,67,21,50,21 bis 50 Bewertungen aufgrund von Beschwerden wegen Diffamierung entfernt,,,,operational,,,48.1244863,11.6649514,"https://www.google.com/maps/place/Dr.+med.+Michael+Richter+%26+Stefanie+Schetzek/@48.1244863,11.6649514,17z/data=!4m8!3m7!1s0x479de01deba1fea5:0x9b4870dbe0929cdc!8m2!3d48.1244863!4d11.6649514!9m1!1b1!16s%2Fg%2F1wj_50c6?entry=ttu&g_ep=EgoyMDI2MDYyOS4wIKXMDSoASAFQAw%3D%3D",0x479de01deba1fea5:0x9b4870dbe0929cdc,v0.9,2026-07-04T21:23:03.902Z
Kinderzahnarztpraxis Lachzahn Dr. Bettina Brem & Kollegen - Kinderzahnarzt München,,,,,4.8,5,3,0,2,5,126,11,20,11 bis 20 Bewertungen aufgrund von Beschwerden wegen Diffamierung entfernt,,,,operational,,,48.1210387,11.673648,"https://www.google.com/maps/place/Kinderzahnarztpraxis+Lachzahn+Dr.+Bettina+Brem+%26+Kollegen+-+Kinderzahnarzt+M%C3%BCnchen/@48.1210387,11.673648,17z/data=!4m8!3m7!1s0x479de01f6177902f:0x8ce565ecae735cb6!8m2!3d48.1210387!4d11.673648!9m1!1b1!16s%2Fg%2F1wnbw_dq?entry=ttu&g_ep=EgoyMDI2MDYyOS4wIKXMDSoASAFQAw%3D%3D",0x479de01f6177902f:0x8ce565ecae735cb6,v0.9,2026-07-04T21:07:36.076Z
AS-KFZ-TEAM Inhaber Arif Sevgi,,,,,5,17,1,0,0,2,175,11,20,11 bis 20 Bewertungen aufgrund von Beschwerden wegen Diffamierung entfernt,,,,operational,,,48.1130815,11.7025924,"https://www.google.com/maps/place/AS-KFZ-TEAM+Inhaber+Arif+Sevgi/@48.1130815,11.7025924,17z/data=!4m8!3m7!1s0x479de029fd3a26f1:0x3d4db4a2ae411e54!8m2!3d48.1130815!4d11.7025924!9m1!1b1!16s%2Fg%2F11b7jfdqxv?entry=ttu&g_ep=EgoyMDI2MDYyOS4wIKXMDSoASAFQAw%3D%3D",0x479de029fd3a26f1:0x3d4db4a2ae411e54,v0.9,2026-07-04T22:54:40.442Z
Rokko's-Restaurant-Bowling-Pension,,,,,4.2,14,58,30,74,202,471,11,20,11 bis 20 Bewertungen aufgrund von Beschwerden wegen Diffamierung entfernt,,,,operational,,,48.11733,11.6553705,"https://www.google.com/maps/place/Rokko's-Restaurant-Bowling-Pension/@48.11733,11.6553705,17z/data=!4m8!3m7!1s0x479de1ca8e21ae27:0x503b2efc439617f8!8m2!3d48.11733!4d11.6553705!9m1!1b1!16s%2Fg%2F1tdrw98w?entry=ttu&g_ep=EgoyMDI2MDYyOS4wIKXMDSoASAFQAw%3D%3D",0x479de1ca8e21ae27:0x503b2efc439617f8,v0.9,2026-07-05T00:47:46.724Z
Autoland Kurt,,,,,4.9,8,0,0,0,9,107,11,20,11 bis 20 Bewertungen aufgrund von Beschwerden wegen Diffamierung entfernt,,,,operational,,,48.1373431,11.6644539,"https://www.google.com/maps/place/Autoland+Kurt/@48.1373431,11.6644539,17z/data=!4m8!3m7!1s0x479e09a26564dc8b:0x218e1d314d3b50d5!8m2!3d48.1373431!4d11.6644539!9m1!1b1!16s%2Fg%2F11c60jxnsj?entry=ttu&g_ep=EgoyMDI2MDYyOS4wIKXMDSoASAFQAw%3D%3D",0x479e09a26564dc8b:0x218e1d314d3b50d5,v0.9,2026-07-04T22:55:29.486Z
Auto Magnus GmbH,,,,,4.6,2,8,1,9,17,150,11,20,11 bis 20 Bewertungen aufgrund von Beschwerden wegen Diffamierung entfernt,,,,operational,,,48.1189739,11.6783814,"https://www.google.com/maps/place/Auto+Magnus+GmbH/@48.1189739,11.6783814,17z/data=!4m8!3m7!1s0x479e743136cfa4b5:0x954dcb72f9594a23!8m2!3d48.1189739!4d11.6783814!9m1!1b1!16s%2Fg%2F1tfx3x3m?entry=ttu&g_ep=EgoyMDI2MDYyOS4wIKXMDSoASAFQAw%3D%3D",0x479e743136cfa4b5:0x954dcb72f9594a23,v0.9,2026-07-04T22:46:00.067Z
B&B Hotel München City-Nord,,,,,4.3,2344,45,35,289,845,1130,101,150,101 bis 150 Bewertungen aufgrund von Beschwerden wegen Diffamierung entfernt,,,,operational,,,48.18696,11.6063591,"https://www.google.com/maps/place/B%26B+Hotel+M%C3%BCnchen+City-Nord/@48.18696,11.6063591,17z/data=!3m1!5s0x479e74449d97452b:0x1d04e74530a11c4d!4m11!3m10!1s0x479e74449cee1a71:0xce5cf13aad93cfb!5m2!4m1!1i2!8m2!3d48.18696!4d11.6063591!9m1!1b1!16s%2Fg%2F1tl8jpxk?entry=ttu&g_ep=EgoyMDI2MDYyOS4wIKXMDSoASAFQAw%3D%3D",0x479e74449cee1a71:0xce5cf13aad93cfb,v0.9,2026-07-05T01:18:10.849Z
Hotel Freisinger Hof,,,,,4.8,1110,2,1,11,206,890,21,50,21 bis 50 Bewertungen aufgrund von Beschwerden wegen Diffamierung entfernt,,,,operational,,,48.1742422,11.6291234,"https://www.google.com/maps/place/Hotel+Freisinger+Hof/@48.1742422,11.6291234,17z/data=!3m1!5s0x479e74fcaed0c267:0x5588155f9afbb6e8!4m11!3m10!1s0x479e74fcabcfb2f1:0x4e417793537b491c!5m2!4m1!1i2!8m2!3d48.1742422!4d11.6291234!9m1!1b1!16s%2Fg%2F1ptyjpjdt?entry=ttu&g_ep=EgoyMDI2MDYyOS4wIKXMDSoASAFQAw%3D%3D",0x479e74fcabcfb2f1:0x4e417793537b491c,v0.9,2026-07-05T01:21:11.382Z
GoBit Yaprak-Steak Döner,,,,,4.8,2,1,0,7,13,108,21,50,21 bis 50 Bewertungen aufgrund von Beschwerden wegen Diffamierung entfernt,,,,operational,,,48.1599502,11.5823511,"https://www.google.com/maps/place/GoBit+Yaprak-Steak+D%C3%B6ner/@48.1599502,11.5823511,17z/data=!3m1!5s0x479e75c739a3a967:0xe5ed5c497a0704fe!4m8!3m7!1s0x479e750042ad937b:0xf2390cba948f11a1!8m2!3d48.1599502!4d11.5823511!9m1!1b1!16s%2Fg%2F11mm114kyh?entry=ttu&g_ep=EgoyMDI2MDYyOS4wIKXMDSoASAFQAw%3D%3D",0x479e750042ad937b:0xf2390cba948f11a1,v0.9,2026-07-05T01:03:36.525Z
Restaurant & Bar Casa Nostra,,,,,4.4,18,36,53,106,186,811,21,50,21 bis 50 Bewertungen aufgrund von Beschwerden wegen Diffamierung entfernt,,,,operational,,,48.1497709,11.5597877,"https://www.google.com/maps/place/Restaurant+%26+Bar+Casa+Nostra/@48.1497709,11.5597877,17z/data=!4m8!3m7!1s0x479e751895c6f465:0xdcbbbff7443560f7!8m2!3d48.1497709!4d11.5597877!9m1!1b1!16s%2Fg%2F11pwznfgzw?entry=ttu&g_ep=EgoyMDI2MDYyOS4wIKXMDSoASAFQAw%3D%3D",0x479e751895c6f465:0xdcbbbff7443560f7,v0.9,2026-07-05T00:29:34.079Z
HOTEL-MONTREE,,,,,3.6,246,18,36,50,66,76,21,50,21 bis 50 Bewertungen aufgrund von Beschwerden wegen Diffamierung entfernt,,,,operational,,,48.1511459,11.5572472,"https://www.google.com/maps/place/HOTEL-MONTREE/@48.1511459,11.5572472,17z/data=!4m11!3m10!1s0x479e7529eec84ebd:0x7057c1c58cf1dec1!5m2!4m1!1i2!8m2!3d48.1511459!4d11.5572472!9m1!1b1!16s%2Fg%2F11h_3t1t_q?entry=ttu&g_ep=EgoyMDI2MDYyOS4wIKXMDSoASAFQAw%3D%3D",0x479e7529eec84ebd:0x7057c1c58cf1dec1,v0.9,2026-07-05T01:31:24.174Z
Ohana Café,,,,,4.8,5,6,2,9,60,486,101,150,101 bis 150 Bewertungen aufgrund von Beschwerden wegen Diffamierung entfernt,,,,operational,,,48.1669525,11.5731733,"https://www.google.com/maps/place/Ohana+Caf%C3%A9/@48.1669525,11.5731733,17z/data=!3m1!5s0x479e75d0300ea10d:0xdd37251f99c35a03!4m8!3m7!1s0x479e7548ce81f01f:0x83dd227c5cbdeeb7!8m2!3d48.1669525!4d11.5731733!9m1!1b1!16s%2Fg%2F11jv3k8vxq?entry=ttu&g_ep=EgoyMDI2MDYyOS4wIKXMDSoASAFQAw%3D%3D",0x479e7548ce81f01f:0x83dd227c5cbdeeb7,v0.9,2026-07-05T00:45:09.972Z
Nuovo Tivoli,,,,,4.9,2,0,1,0,3,58,11,20,11 bis 20 Bewertungen aufgrund von Beschwerden wegen Diffamierung entfernt,,,,operational,,,48.1496094,11.5970123,"https://www.google.com/maps/place/Nuovo+Tivoli/@48.1496094,11.5970123,17z/data=!4m8!3m7!1s0x479e7549460f32cb:0x62c53587148a0880!8m2!3d48.1496094!4d11.5970123!9m1!1b1!16s%2Fg%2F11zh_z7bvk?entry=ttu&g_ep=EgoyMDI2MDYyOS4wIKXMDSoASAFQAw%3D%3D",0x479e7549460f32cb:0x62c53587148a0880,v0.9,2026-07-05T00:51:08.121Z
Masquerade Shisha Bar,,,,,4.6,8,44,2,2,57,519,51,100,51 bis 100 Bewertungen aufgrund von Beschwerden wegen Diffamierung entfernt,,,,operational,,,48.1571858,11.5837561,"https://www.google.com/maps/place/Masquerade+Shisha+Bar/@48.1571858,11.5837561,17z/data=!3m1!5s0x479e75bf6fb21467:0xe619c7c6743dddd0!4m8!3m7!1s0x479e755354836ea7:0x2608a47c89c5e3e2!8m2!3d48.1571858!4d11.5837561!9m1!1b1!16s%2Fg%2F11qm0by52j?entry=ttu&g_ep=EgoyMDI2MDYyOS4wIKXMDSoASAFQAw%3D%3D",0x479e755354836ea7:0x2608a47c89c5e3e2,v0.9,2026-07-05T01:03:28.334Z
Alldent Zahnzentrum Einstein,,,,,4.9,3036,51,10,16,177,7139,51,100,51 bis 100 Bewertungen aufgrund von Beschwerden wegen Diffamierung entfernt,,,,operational,,,48.1362738,11.6139143,"https://www.google.com/maps/place/Alldent+Zahnzentrum+Einstein/@48.1362738,11.6139143,17z/data=!3m1!5s0x479e757b52f85b49:0xdeacdf3eecce4640!4m8!3m7!1s0x479e7564ad012b37:0x8f9346162f4f8d02!8m2!3d48.1362738!4d11.6139143!9m1!1b1!16s%2Fg%2F11b7qbwh2m?entry=ttu&g_ep=EgoyMDI2MDYyOS4wIKXMDSoASAFQAw%3D%3D",0x479e7564ad012b37:0x8f9346162f4f8d02,v0.9,2026-07-04T21:08:04.374Z
Radiology at Herkomerplatz,,,,,4.8,2,2,0,1,10,73,11,20,11 bis 20 Bewertungen aufgrund von Beschwerden wegen Diffamierung entfernt,,,,operational,,,48.1512472,11.608837,"https://www.google.com/maps/place/Radiology+at+Herkomerplatz/@48.1512472,11.608837,17z/data=!3m1!5s0x479e757505c64225:0x1553c0564f1c8b3f!4m8!3m7!1s0x479e7575350e16c7:0xfcb0dd454f7f2af4!8m2!3d48.1512472!4d11.608837!9m1!1b1!16s%2Fg%2F1tft_jn_?entry=ttu&g_ep=EgoyMDI2MDYyOS4wIKXMDSoASAFQAw%3D%3D",0x479e7575350e16c7:0xfcb0dd454f7f2af4,v0.9,2026-07-04T21:21:20.056Z
Marinella Trattoria,,,,,4.8,17,2,4,0,126,473,11,20,11 bis 20 Bewertungen aufgrund von Beschwerden wegen Diffamierung entfernt,,,,operational,,,48.1331257,11.6073108,"https://www.google.com/maps/place/Marinella+Trattoria/@48.1331257,11.6073108,17z/data=!4m8!3m7!1s0x479e757dc4ed3777:0x296bc650242bf115!8m2!3d48.1331257!4d11.6073108!9m1!1b1!16s%2Fg%2F1wb8splp?entry=ttu&g_ep=EgoyMDI2MDYyOS4wIKXMDSoASAFQAw%3D%3D",0x479e757dc4ed3777:0x296bc650242bf115,v0.9,2026-07-05T00:41:39.162Z
Liebighof,,,,,4.7,8,19,7,9,298,1253,101,150,101 bis 150 Bewertungen aufgrund von Beschwerden wegen Diffamierung entfernt,,,,operational,,,48.1407458,11.5906922,"https://www.google.com/maps/place/Liebighof/@48.1407458,11.5906922,17z/data=!4m8!3m7!1s0x479e75857667972d:0x9c3c0d76fb6c7282!8m2!3d48.1407458!4d11.5906922!9m1!1b1!16s%2Fg%2F1tmgbf57?entry=ttu&g_ep=EgoyMDI2MDYyOS4wIKXMDSoASAFQAw%3D%3D",0x479e75857667972d:0x9c3c0d76fb6c7282,v0.9,2026-07-05T00:48:15.412Z
C'est La Vie Nails & Beauty - 24/7 Online Termin,,,,,4.8,2,6,2,4,23,226,51,100,51 bis 100 Bewertungen aufgrund von Beschwerden wegen Diffamierung entfernt,,,,operational,,,48.1622115,11.585891,"https://www.google.com/maps/place/C'est+La+Vie+Nails+%26+Beauty+-+24%2F7+Online+Termin/@48.1622115,11.585891,17z/data=!3m1!5s0x479e75b871f246a9:0x20b9d0db3850a437!4m8!3m7!1s0x479e75898bf3c649:0x2257e37d437c06b8!8m2!3d48.1622115!4d11.585891!9m1!1b1!16s%2Fg%2F12hmjh3hv?entry=ttu&g_ep=EgoyMDI2MDYyOS4wIKXMDSoASAFQAw%3D%3D",0x479e75898bf3c649:0x2257e37d437c06b8,v0.9,2026-07-04T23:43:59.385Z
Weisses Bräuhaus im Tal,,,,,4.4,526,661,415,1100,3794,10231,21,50,21 bis 50 Bewertungen aufgrund von Beschwerden wegen Diffamierung entfernt,,,,operational,,,48.1364226,11.5784671,"https://www.google.com/maps/place/Weisses+Br%C3%A4uhaus+im+Tal/@48.1364226,11.5784671,17z/data=!4m8!3m7!1s0x479e758a5a662a59:0xe539b02f0d422465!8m2!3d48.1364226!4d11.5784671!9m1!1b1!16s%2Fg%2F1td8y2yk?entry=ttu&g_ep=EgoyMDI2MDYyOS4wIKXMDSoASAFQAw%3D%3D",0x479e758a5a662a59:0xe539b02f0d422465,v0.9,2026-07-05T00:45:49.875Z
Sababa,,,,,4.8,417,6,1,4,246,1219,151,200,151 bis 200 Bewertungen aufgrund von Beschwerden wegen Diffamierung entfernt,,,,operational,,,48.1348397,11.5772372,"https://www.google.com/maps/place/Sababa/@48.1348397,11.5772372,17z/data=!4m8!3m7!1s0x479e758a8744bf0f:0x3515c681e27a3f1!8m2!3d48.1348397!4d11.5772372!9m1!1b1!16s%2Fg%2F1tdyzyq2?entry=ttu&g_ep=EgoyMDI2MDYyOS4wIKXMDSoASAFQAw%3D%3D",0x479e758a8744bf0f:0x3515c681e27a3f1,v0.9,2026-07-05T01:10:56.784Z
Salotto,,,,,4.6,4,18,4,21,286,618,201,250,201 bis 250 Bewertungen aufgrund von Beschwerden wegen Diffamierung entfernt,,,,operational,,,48.1395457,11.586971,"https://www.google.com/maps/place/Salotto/@48.1395457,11.586971,17z/data=!3m1!5s0x479e758f3b8da61d:0x30024625ec84b7bd!4m8!3m7!1s0x479e758f3b798b11:0xd2cb7648e0af5158!8m2!3d48.1395457!4d11.586971!9m1!1b1!16s%2Fg%2F1tgf6scc?entry=ttu&g_ep=EgoyMDI2MDYyOS4wIKXMDSoASAFQAw%3D%3D",0x479e758f3b798b11:0xd2cb7648e0af5158,v0.9,2026-07-05T00:49:32.865Z
NYN Beauty & Relax - Nails Studio,,,,,4.6,5,4,0,1,1,37,11,20,11 bis 20 Bewertungen aufgrund von Beschwerden wegen Diffamierung entfernt,,,,operational,,,48.1601173,11.5761103,"https://www.google.com/maps/place/NYN+Beauty+%26+Relax+-+Nails+Studio/@48.1601173,11.5761103,17z/data=!3m1!5s0x479e75c4734573eb:0xd6b7eeb9a08d6728!4m8!3m7!1s0x479e75b2f361d149:0x478e882ad5f0e5b0!8m2!3d48.1601173!4d11.5761103!9m1!1b1!16s%2Fg%2F11yvvwf0l6?entry=ttu&g_ep=EgoyMDI2MDYyOS4wIKXMDSoASAFQAw%3D%3D",0x479e75b2f361d149:0x478e882ad5f0e5b0,v0.9,2026-07-04T23:47:28.516Z
Miki Ross Friseur,,,,,4.9,20,3,0,0,19,240,21,50,21 bis 50 Bewertungen aufgrund von Beschwerden wegen Diffamierung entfernt,,,,operational,,,48.1637889,11.5880926,"https://www.google.com/maps/place/Miki+Ross+Friseur/@48.1637889,11.5880926,17z/data=!4m8!3m7!1s0x479e75b4d70a6645:0xc1916954f9c8bda0!8m2!3d48.1637889!4d11.5880926!9m1!1b1!16s%2Fg%2F11bzynnqdr?entry=ttu&g_ep=EgoyMDI2MDYyOS4wIKXMDSoASAFQAw%3D%3D",0x479e75b4d70a6645:0xc1916954f9c8bda0,v0.9,2026-07-04T23:23:49.148Z
Il Mulino - München,,,,,4.7,4,7,11,52,349,1097,51,100,51 bis 100 Bewertungen aufgrund von Beschwerden wegen Diffamierung entfernt,,,,operational,,,48.1541976,11.5677274,"https://www.google.com/maps/place/Il+Mulino+-+M%C3%BCnchen/@48.1541976,11.5677274,17z/data=!4m8!3m7!1s0x479e75e7c27c50bf:0x30a8eae3fbf7b116!8m2!3d48.1541976!4d11.5677274!9m1!1b1!16s%2Fg%2F1thw5qht?entry=ttu&g_ep=EgoyMDI2MDYyOS4wIKXMDSoASAFQAw%3D%3D",0x479e75e7c27c50bf:0x30a8eae3fbf7b116,v0.9,2026-07-05T00:36:24.556Z
PhoYou,,,,,4.6,4,3,0,124,149,773,11,20,11 bis 20 Bewertungen aufgrund von Beschwerden wegen Diffamierung entfernt,,,,operational,,,48.150181,11.5729594,"https://www.google.com/maps/place/PhoYou/@48.150181,11.5729594,17z/data=!3m1!5s0x479e75e9528e8247:0xaf8c8103b13fb524!4m8!3m7!1s0x479e75e952624c29:0xd4b03caefdf3037b!8m2!3d48.150181!4d11.5729594!9m1!1b1!16s%2Fg%2F11ggsgrh16?entry=ttu&g_ep=EgoyMDI2MDYyOS4wIKXMDSoASAFQAw%3D%3D",0x479e75e952624c29:0xd4b03caefdf3037b,v0.9,2026-07-05T01:05:59.335Z
Sasou,,,,,4.6,41,2,2,6,185,372,51,100,51 bis 100 Bewertungen aufgrund von Beschwerden wegen Diffamierung entfernt,,,,operational,,,48.1369483,11.5747332,"https://www.google.com/maps/place/Sasou/@48.1369483,11.5747332,17z/data=!3m1!5s0x479e758ad341d083:0x5433e07953368701!4m8!3m7!1s0x479e75f52ba3d66d:0xf92d7bc8935f75c8!8m2!3d48.1369483!4d11.5747332!9m1!1b1!16s%2Fg%2F1tmcl6nk?entry=ttu&g_ep=EgoyMDI2MDYyOS4wIKXMDSoASAFQAw%3D%3D",0x479e75f52ba3d66d:0xf92d7bc8935f75c8,v0.9,2026-07-05T01:06:56.224Z
Makkas Hairdresser & Cosmetics,,,,,4.7,14,7,0,16,28,299,101,150,101 bis 150 Bewertungen aufgrund von Beschwerden wegen Diffamierung entfernt,,,,operational,,,48.1375727,11.5584066,"https://www.google.com/maps/place/Makkas+Hairdresser+%26+Cosmetics/@48.1375727,11.5584066,17z/data=!4m8!3m7!1s0x479e75f8f15de4a5:0x69db9a997a1a115c!8m2!3d48.1375727!4d11.5584066!9m1!1b1!16s%2Fg%2F11c54ccmb1?entry=ttu&g_ep=EgoyMDI2MDYyOS4wIKXMDSoASAFQAw%3D%3D",0x479e75f8f15de4a5:0x69db9a997a1a115c,v0.9,2026-07-04T23:09:11.772Z
Central,,,,,4.3,78,3,1,15,10,49,21,50,21 bis 50 Bewertungen aufgrund von Beschwerden wegen Diffamierung entfernt,,,,operational,,,48.1390417,11.5556947,"https://www.google.com/maps/place/Central/@48.1390417,11.5556947,17z/data=!4m11!3m10!1s0x479e75ff2a45b6a9:0x9ca100f482a0db94!5m2!4m1!1i2!8m2!3d48.1390417!4d11.5556947!9m1!1b1!16s%2Fg%2F1tj1lhl6?entry=ttu&g_ep=EgoyMDI2MDYyOS4wIKXMDSoASAFQAw%3D%3D",0x479e75ff2a45b6a9:0x9ca100f482a0db94,v0.9,2026-07-05T01:37:05.300Z
Hotel Tessin,,,,,4.4,231,5,0,3,111,112,21,50,21 bis 50 Bewertungen aufgrund von Beschwerden wegen Diffamierung entfernt,,,,operational,,,48.142601,11.5043103,"https://www.google.com/maps/place/Hotel+Tessin/@48.142601,11.5043103,17z/data=!3m1!5s0x479e7629f0ed0b6f:0x61771a31e27c2c74!4m11!3m10!1s0x479e762a1ca0b387:0x739fc16d03a1b308!5m2!4m1!1i2!8m2!3d48.142601!4d11.5043103!9m1!1b1!16s%2Fg%2F1tht0ftq?entry=ttu&g_ep=EgoyMDI2MDYyOS4wIKXMDSoASAFQAw%3D%3D",0x479e762a1ca0b387:0x739fc16d03a1b308,v0.9,2026-07-05T01:30:18.166Z
Kurfürst Maximilian La Trattoria by Giovanni,,,,,4.7,3,1,2,1,104,351,51,100,51 bis 100 Bewertungen aufgrund von Beschwerden wegen Diffamierung entfernt,,,,operational,,,48.164185,11.5285448,"https://www.google.com/maps/place/Kurf%C3%BCrst+Maximilian+La+Trattoria+by+Giovanni/@48.164185,11.5285448,17z/data=!4m8!3m7!1s0x479e7641668068cb:0x142814cdac723471!8m2!3d48.164185!4d11.5285448!9m1!1b1!16s%2Fg%2F1tdshs6_?entry=ttu&g_ep=EgoyMDI2MDYyOS4wIKXMDSoASAFQAw%3D%3D",0x479e7641668068cb:0x142814cdac723471,v0.9,2026-07-05T00:52:05.555Z
Olympia Pizza Haus,,,,,4.5,49,9,4,8,103,184,51,100,51 bis 100 Bewertungen aufgrund von Beschwerden wegen Diffamierung entfernt,,,,operational,,,48.1818066,11.5526411,"https://www.google.com/maps/place/Olympia+Pizza+Haus/@48.1818066,11.5526411,17z/data=!4m8!3m7!1s0x479e7688b6ea6d11:0xcaa2bb784eb6ff82!8m2!3d48.1818066!4d11.5526411!9m1!1b1!16s%2Fg%2F11bx1hkysb?entry=ttu&g_ep=EgoyMDI2MDYyOS4wIKXMDSoASAFQAw%3D%3D",0x479e7688b6ea6d11:0xcaa2bb784eb6ff82,v0.9,2026-07-05T01:06:18.380Z
Das Schreder Hotel - Munich Free Parking,,,,,4.4,1108,0,0,177,334,597,21,50,21 bis 50 Bewertungen aufgrund von Beschwerden wegen Diffamierung entfernt,,,,operational,,,48.201277,11.494994,"https://www.google.com/maps/place/Das+Schreder+Hotel+-+Munich+Free+Parking/@48.201277,11.494994,17z/data=!4m11!3m10!1s0x479e776ac5235b23:0x866239df040aa92a!5m2!4m1!1i2!8m2!3d48.201277!4d11.494994!9m1!1b1!16s%2Fg%2F1th6cv2n?entry=ttu&g_ep=EgoyMDI2MDYyOS4wIKXMDSoASAFQAw%3D%3D",0x479e776ac5235b23:0x866239df040aa92a,v0.9,2026-07-05T01:29:38.396Z
Pizza Da Leonardo,,,,,4.6,15,8,2,0,30,151,51,100,51 bis 100 Bewertungen aufgrund von Beschwerden wegen Diffamierung entfernt,,,,operational,,,48.1649744,11.4643661,"https://www.google.com/maps/place/Pizza+Da+Leonardo/@48.1649744,11.4643661,17z/data=!4m8!3m7!1s0x479e77f320f3d6d5:0xe32979e689a00560!8m2!3d48.1649744!4d11.4643661!9m1!1b1!16s%2Fg%2F1tvgtb40?entry=ttu&g_ep=EgoyMDI2MDYyOS4wIKXMDSoASAFQAw%3D%3D",0x479e77f320f3d6d5:0xe32979e689a00560,v0.9,2026-07-05T01:08:32.961Z
Hotel Schleuse,,,,,4.3,314,6,5,40,107,156,51,100,51 bis 100 Bewertungen aufgrund von Beschwerden wegen Diffamierung entfernt,,,,operational,,,48.1661119,11.4586212,"https://www.google.com/maps/place/Hotel+Schleuse/@48.1661119,11.4586212,17z/data=!4m11!3m10!1s0x479e77f4d130a219:0x5f26e61a44908f5d!5m2!4m1!1i2!8m2!3d48.1661119!4d11.4586212!9m1!1b1!16s%2Fg%2F1tdm79np?entry=ttu&g_ep=EgoyMDI2MDYyOS4wIKXMDSoASAFQAw%3D%3D",0x479e77f4d130a219:0x5f26e61a44908f5d,v0.9,2026-07-05T01:25:25.196Z
Hokkaido,,,,,4.4,17,25,29,52,254,600,21,50,21 bis 50 Bewertungen aufgrund von Beschwerden wegen Diffamierung entfernt,,,,operational,,,48.148575,11.4425333,"https://www.google.com/maps/place/Hokkaido/@48.148575,11.4425333,17z/data=!4m8!3m7!1s0x479e7800a4887b65:0x1f2937eeaec2b772!8m2!3d48.148575!4d11.4425333!9m1!1b1!16s%2Fg%2F11c5_8ym41?entry=ttu&g_ep=EgoyMDI2MDYyOS4wIKXMDSoASAFQAw%3D%3D",0x479e7800a4887b65:0x1f2937eeaec2b772,v0.9,2026-07-05T00:42:36.024Z
TRU Fitness Club,,,,,4.5,64,38,21,26,74,585,21,50,21 bis 50 Bewertungen aufgrund von Beschwerden wegen Diffamierung entfernt,,,,operational,,,53.5878532,10.0446407,"https://www.google.com/maps/place/TRU+Fitness+Club/@53.5878532,10.0446407,17z/data=!4m8!3m7!1s0x47a850f961daad1f:0xc5f27b38c1b59916!8m2!3d53.5878532!4d10.0446407!9m1!1b1!16s%2Fg%2F11fxvsll95?entry=ttu&g_ep=EgoyMDI2MDYyOS4wIKXMDSoASAFQAw%3D%3D",0x47a850f961daad1f:0xc5f27b38c1b59916,v0.9,2026-07-04T13:36:42.712Z
Tierarztpraxis ElbVet Hamburg,,,,,4.9,5,2,0,0,13,131,21,50,21 bis 50 Bewertungen aufgrund von Beschwerden wegen Diffamierung entfernt,,,,operational,,,53.56439,9.91812,"https://www.google.com/maps/place/Tierarztpraxis+ElbVet+Hamburg/@53.56439,9.91812,17z/data=!4m8!3m7!1s0x47b1856fe7d43e95:0x6934c6336fc69d77!8m2!3d53.56439!4d9.91812!9m1!1b1!16s%2Fg%2F11h0zbm_6t?entry=ttu&g_ep=EgoyMDI2MDYyOS4wIKXMDSoASAFQAw%3D%3D",0x47b1856fe7d43e95:0x6934c6336fc69d77,v0.9,2026-07-04T11:19:40.483Z
Farina meets Mehl,,,,,4.8,19,2,1,30,140,965,11,20,11 bis 20 Bewertungen aufgrund von Beschwerden wegen Diffamierung entfernt,,,,operational,,,53.5591619,9.9249322,"https://www.google.com/maps/place/Farina+meets+Mehl/@53.5591619,9.9249322,17z/data=!3m1!5s0x47b185922702ff5b:0x7230693f00765780!4m8!3m7!1s0x47b1859227c99e73:0xafca0703780b9a9e!8m2!3d53.5591619!4d9.9249322!9m1!1b1!16s%2Fg%2F1hm45k431?entry=ttu&g_ep=EgoyMDI2MDYyOS4wIKXMDSoASAFQAw%3D%3D",0x47b1859227c99e73:0xafca0703780b9a9e,v0.9,2026-07-04T14:12:35.754Z
Autoland Niederlassung Hamburg,,,,,4.8,2,1,1,7,7,110,11,20,11 bis 20 Bewertungen aufgrund von Beschwerden wegen Diffamierung entfernt,,,,operational,,,53.5690182,9.9181697,"https://www.google.com/maps/place/Autoland+Niederlassung+Hamburg/@53.5690182,9.9181697,17z/data=!4m8!3m7!1s0x47b185a053640da9:0x5f22e28b6b0116b6!8m2!3d53.5690182!4d9.9181697!9m1!1b1!16s%2Fg%2F11xg__559k?entry=ttu&g_ep=EgoyMDI2MDYyOS4wIKXMDSoASAFQAw%3D%3D",0x47b185a053640da9:0x5f22e28b6b0116b6,v0.9,2026-07-04T12:21:21.011Z
Zahnklinik - MVZ Dentologicum 290,,,,,4.7,7,6,1,0,10,120,21,50,21 bis 50 Bewertungen aufgrund von Beschwerden wegen Diffamierung entfernt,,,,operational,,,53.5598489,9.9107867,"https://www.google.com/maps/place/Zahnklinik+-+MVZ+Dentologicum+290/@53.5598489,9.9107867,17z/data=!3m1!5s0x47b18414d33ebc99:0x38f5aa703608ba00!4m8!3m7!1s0x47b185bde03db2df:0xefc4ec3fe68a277d!8m2!3d53.5598489!4d9.9107867!9m1!1b1!16s%2Fg%2F1tl9lmy8?entry=ttu&g_ep=EgoyMDI2MDYyOS4wIKXMDSoASAFQAw%3D%3D",0x47b185bde03db2df:0xefc4ec3fe68a277d,v0.9,2026-07-04T10:29:26.390Z
Das Bauernhaus,,,,,4.4,9,3,1,36,92,172,51,100,51 bis 100 Bewertungen aufgrund von Beschwerden wegen Diffamierung entfernt,,,,operational,,,53.5805396,9.9057144,"https://www.google.com/maps/place/Das+Bauernhaus/@53.5805396,9.9057144,17z/data=!4m8!3m7!1s0x47b185da733e1c89:0xb27fd438691db14c!8m2!3d53.5805396!4d9.9057144!9m1!1b1!16s%2Fg%2F1vq9lbgt?entry=ttu&g_ep=EgoyMDI2MDYyOS4wIKXMDSoASAFQAw%3D%3D",0x47b185da733e1c89:0xb27fd438691db14c,v0.9,2026-07-04T13:49:29.011Z
Lady Fitness Center - Frauen Fitnessstudio in Hamburg Altona,,,,,4.9,4,0,0,0,14,93,11,20,11 bis 20 Bewertungen aufgrund von Beschwerden wegen Diffamierung entfernt,,,,operational,,,53.5511668,9.9388507,"https://www.google.com/maps/place/Lady+Fitness+Center+-+Frauen+Fitnessstudio+in+Hamburg+Altona/@53.5511668,9.9388507,17z/data=!4m8!3m7!1s0x47b185f01724dffd:0x1223e931d2e862d5!8m2!3d53.5511668!4d9.9388507!9m1!1b1!16s%2Fg%2F1td7mc4_?entry=ttu&g_ep=EgoyMDI2MDYyOS4wIKXMDSoASAFQAw%3D%3D",0x47b185f01724dffd:0x1223e931d2e862d5,v0.9,2026-07-04T13:29:18.121Z
Tecius und Reimers Automobile oHG,,,,,4.7,64,23,1,5,78,439,51,100,51 bis 100 Bewertungen aufgrund von Beschwerden wegen Diffamierung entfernt,,,,operational,,,53.6242668,9.9097315,"https://www.google.com/maps/place/Tecius+und+Reimers+Automobile+oHG/@53.6242668,9.9097315,17z/data=!4m8!3m7!1s0x47b18656536cbabd:0x8091b6d0d7837e83!8m2!3d53.6242668!4d9.9097315!9m1!1b1!16s%2Fg%2F1tfn1sq9?entry=ttu&g_ep=EgoyMDI2MDYyOS4wIKXMDSoASAFQAw%3D%3D",0x47b18656536cbabd:0x8091b6d0d7837e83,v0.9,2026-07-04T12:26:15.894Z
Ess-Bahn Döner,,,,,4.5,3,12,5,4,146,277,250,,Über 250 Bewertungen aufgrund von Beschwerden wegen Diffamierung entfernt,,,,operational,,,53.6036003,9.8930469,"https://www.google.com/maps/place/Ess-Bahn+D%C3%B6ner/@53.6036003,9.8930469,17z/data=!4m8!3m7!1s0x47b1868915267187:0x58a8b235c125f6c7!8m2!3d53.6036003!4d9.8930469!9m1!1b1!16s%2Fg%2F11bw67yblb?entry=ttu&g_ep=EgoyMDI2MDYyOS4wIKXMDSoASAFQAw%3D%3D",0x47b1868915267187:0x58a8b235c125f6c7,v0.9,2026-07-04T14:26:37.903Z
Lashanh / Hamburg,,,,,4.7,5,1,5,6,4,103,11,20,11 bis 20 Bewertungen aufgrund von Beschwerden wegen Diffamierung entfernt,,,,operational,,,53.6092071,9.9044999,"https://www.google.com/maps/place/Lashanh+%2F+Hamburg/@53.6092071,9.9044999,17z/data=!4m8!3m7!1s0x47b187952f9e9701:0xc39b627d814a4b1c!8m2!3d53.6092071!4d9.9044999!9m1!1b1!16s%2Fg%2F11l9_b453s?entry=ttu&g_ep=EgoyMDI2MDYyOS4wIKXMDSoASAFQAw%3D%3D",0x47b187952f9e9701:0xc39b627d814a4b1c,v0.9,2026-07-04T13:25:11.724Z
Tibarg Kebap Haus,,,,,4.8,147,6,4,3,138,586,151,200,151 bis 200 Bewertungen aufgrund von Beschwerden wegen Diffamierung entfernt,,,,operational,,,53.6197042,9.9522937,"https://www.google.com/maps/place/Tibarg+Kebap+Haus/@53.6197042,9.9522937,17z/data=!3m1!5s0x47b1862e6d2acff7:0x6f655b40b1a47d3d!4m8!3m7!1s0x47b187efdd6e0417:0x2a5e8cd4e902897b!8m2!3d53.6197042!4d9.9522937!9m1!1b1!16s%2Fg%2F11cm9g3bnz?entry=ttu&g_ep=EgoyMDI2MDYyOS4wIKXMDSoASAFQAw%3D%3D",0x47b187efdd6e0417:0x2a5e8cd4e902897b,v0.9,2026-07-04T14:26:26.455Z
Hotel Mardin Gross Borstel,,,,,3.9,190,25,6,7,76,76,151,200,151 bis 200 Bewertungen aufgrund von Beschwerden wegen Diffamierung entfernt,,,,operational,,,53.609138,9.976157,"https://www.google.com/maps/place/Hotel+Mardin+Gross+Borstel/@53.609138,9.976157,17z/data=!4m11!3m10!1s0x47b1889a01337363:0xadc52ec3564ec14e!5m2!4m1!1i2!8m2!3d53.609138!4d9.976157!9m1!1b1!16s%2Fg%2F1tk6zk2w?entry=ttu&g_ep=EgoyMDI2MDYyOS4wIKXMDSoASAFQAw%3D%3D",0x47b1889a01337363:0xadc52ec3564ec14e,v0.9,2026-07-04T16:28:11.571Z
The vets at Grandweg 68 GmbH,,,,,4.6,2,15,4,13,36,252,11,20,11 bis 20 Bewertungen aufgrund von Beschwerden wegen Diffamierung entfernt,,,,operational,,,53.5925327,9.9605683,"https://www.google.com/maps/place/The+vets+at+Grandweg+68+GmbH/@53.5925327,9.9605683,17z/data=!3m1!5s0x47b188a8bfc19f03:0x2bc4fe906fda11d0!4m8!3m7!1s0x47b188a895712ecf:0x38b1b3e55937e06d!8m2!3d53.5925327!4d9.9605683!9m1!1b1!16s%2Fg%2F1tt1rrkd?entry=ttu&g_ep=EgoyMDI2MDYyOS4wIKXMDSoASAFQAw%3D%3D",0x47b188a895712ecf:0x38b1b3e55937e06d,v0.9,2026-07-04T11:10:05.145Z
Sel Kebap's,,,,,4.7,423,5,5,110,249,1073,21,50,21 bis 50 Bewertungen aufgrund von Beschwerden wegen Diffamierung entfernt,,,,operational,,,53.5841667,9.9686111,"https://www.google.com/maps/place/Sel+Kebap's/@53.5841667,9.9686111,17z/data=!4m8!3m7!1s0x47b188b2932392cb:0xcf36aef976c6898f!8m2!3d53.5841667!4d9.9686111!9m1!1b1!16s%2Fg%2F11btn18c7l?entry=ttu&g_ep=EgoyMDI2MDYyOS4wIKXMDSoASAFQAw%3D%3D",0x47b188b2932392cb:0xcf36aef976c6898f,v0.9,2026-07-04T16:03:23.961Z
Restaurant IRODION,,,,,4.7,2,2,1,2,171,519,11,20,11 bis 20 Bewertungen aufgrund von Beschwerden wegen Diffamierung entfernt,,,,operational,,,53.5952799,10.0001458,"https://www.google.com/maps/place/Restaurant+IRODION/@53.5952799,10.0001458,17z/data=!4m8!3m7!1s0x47b188c4b12007e1:0xb3262b963eda090!8m2!3d53.5952799!4d10.0001458!9m1!1b1!16s%2Fg%2F1trsx15q?entry=ttu&g_ep=EgoyMDI2MDYyOS4wIKXMDSoASAFQAw%3D%3D",0x47b188c4b12007e1:0xb3262b963eda090,v0.9,2026-07-04T14:10:17.378Z
Big Bull Steak House,,,,,4.7,14,3,2,2,294,825,51,100,51 bis 100 Bewertungen aufgrund von Beschwerden wegen Diffamierung entfernt,,,,operational,,,53.5509349,9.9796672,"https://www.google.com/maps/place/Big+Bull+Steak+House/@53.5509349,9.9796672,17z/data=!4m8!3m7!1s0x47b188daf1d594db:0x4b0f9cdb626ce10f!8m2!3d53.5509349!4d9.9796672!9m1!1b1!16s%2Fg%2F1tcxc7rd?entry=ttu&g_ep=EgoyMDI2MDYyOS4wIKXMDSoASAFQAw%3D%3D",0x47b188daf1d594db:0x4b0f9cdb626ce10f,v0.9,2026-07-04T14:06:27.452Z
Kalliopea - Mediterranean kitchen in Hamburg Barmbek,,,,,4.7,2,0,11,28,114,607,11,20,11 bis 20 Bewertungen aufgrund von Beschwerden wegen Diffamierung entfernt,,,,operational,,,53.5983082,10.0381493,"https://www.google.com/maps/place/Kalliopea+-+Mediterranean+kitchen+in+Hamburg+Barmbek/@53.5983082,10.0381493,17z/data=!4m8!3m7!1s0x47b1893d8af053ad:0x340df1939c228f49!8m2!3d53.5983082!4d10.0381493!9m1!1b1!16s%2Fg%2F1thvf_fy?entry=ttu&g_ep=EgoyMDI2MDYyOS4wIKXMDSoASAFQAw%3D%3D",0x47b1893d8af053ad:0x340df1939c228f49,v0.9,2026-07-04T14:13:30.346Z
Marita Autohaus GmbH,,,,,4.7,8,8,1,0,4,105,21,50,21 bis 50 Bewertungen aufgrund von Beschwerden wegen Diffamierung entfernt,,,,operational,,,53.5881748,10.0965591,"https://www.google.com/maps/place/Marita+Autohaus+GmbH/@53.5881748,10.0965591,17z/data=!3m1!5s0x47b18be950c57911:0x40ab480749df57ac!4m8!3m7!1s0x47b189442f93f745:0x9d9232b9f264c01!8m2!3d53.5881748!4d10.0965591!9m1!1b1!16s%2Fg%2F11gdrj1yyg?entry=ttu&g_ep=EgoyMDI2MDYyOS4wIKXMDSoASAFQAw%3D%3D",0x47b189442f93f745:0x9d9232b9f264c01,v0.9,2026-07-04T12:17:53.393Z
TRC Automobile GmbH Hamburg,,,,,4.8,2,1,0,5,7,90,11,20,11 bis 20 Bewertungen aufgrund von Beschwerden wegen Diffamierung entfernt,,,,operational,,,53.6421753,10.0123265,"https://www.google.com/maps/place/TRC+Automobile+GmbH+Hamburg/@53.6421753,10.0123265,17z/data=!4m8!3m7!1s0x47b18950356136b7:0x8b9a1a4863581d4e!8m2!3d53.6421753!4d10.0123265!9m1!1b1!16s%2Fg%2F11gsn07m50?entry=ttu&g_ep=EgoyMDI2MDYyOS4wIKXMDSoASAFQAw%3D%3D",0x47b18950356136b7:0x8b9a1a4863581d4e,v0.9,2026-07-04T12:10:47.693Z
"B. Sperling & Sohn GmbH Ford & Fiat Vertragswerkstatt, Mitsubishi & GWM Ora Wey Händler",,,,,4.6,10,5,1,19,46,212,11,20,11 bis 20 Bewertungen aufgrund von Beschwerden wegen Diffamierung entfernt,,,,operational,,,53.550682,10.042193,"https://www.google.com/maps/place/B.+Sperling+%26+Sohn+GmbH+Ford+%26+Fiat+Vertragswerkstatt,+Mitsubishi+%26+GWM+Ora%2BWey+H%C3%A4ndler/@53.550682,10.042193,17z/data=!4m8!3m7!1s0x47b189539d9d32bd:0xc5de3ed7e2d0d98f!8m2!3d53.550682!4d10.042193!9m1!1b1!16s%2Fg%2F1tdn_j3t?entry=ttu&g_ep=EgoyMDI2MDYyOS4wIKXMDSoASAFQAw%3D%3D",0x47b189539d9d32bd:0xc5de3ed7e2d0d98f,v0.9,2026-07-04T12:18:50.029Z
Kreutziger Automobile GmbH,,,,,4.7,13,4,0,11,28,192,21,50,21 bis 50 Bewertungen aufgrund von Beschwerden wegen Diffamierung entfernt,,,,operational,,,53.5972758,10.0721913,"https://www.google.com/maps/place/Kreutziger+Automobile+GmbH/@53.5972758,10.0721913,17z/data=!4m8!3m7!1s0x47b18960c2dbaa51:0x879977ae31bd176!8m2!3d53.5972758!4d10.0721913!9m1!1b1!16s%2Fg%2F1tj5k622?entry=ttu&g_ep=EgoyMDI2MDYyOS4wIKXMDSoASAFQAw%3D%3D",0x47b18960c2dbaa51:0x879977ae31bd176,v0.9,2026-07-04T12:15:50.721Z
Dr.med.vet. Koball-Menin Dunja,,,,,4.8,2,2,0,1,4,64,11,20,11 bis 20 Bewertungen aufgrund von Beschwerden wegen Diffamierung entfernt,,,,operational,,,53.6180898,10.1409996,"https://www.google.com/maps/place/Dr.med.vet.+Koball-Menin+Dunja/@53.6180898,10.1409996,17z/data=!4m8!3m7!1s0x47b18a568c1629b7:0x561c1facf458c244!8m2!3d53.6180898!4d10.1409996!9m1!1b1!16s%2Fg%2F11bzyqz85q?entry=ttu&g_ep=EgoyMDI2MDYyOS4wIKXMDSoASAFQAw%3D%3D",0x47b18a568c1629b7:0x561c1facf458c244,v0.9,2026-07-04T11:16:31.835Z
Sports Club Volksdorf (Royal Sports Spirit),,,,,4.8,13,5,6,3,28,357,11,20,11 bis 20 Bewertungen aufgrund von Beschwerden wegen Diffamierung entfernt,,,,operational,,,53.6473151,10.1696578,"https://www.google.com/maps/place/Sports+Club+Volksdorf+(Royal+Sports+Spirit)/@53.6473151,10.1696578,17z/data=!3m1!5s0x47b18a83622c5313:0x99732da74bd8bd59!4m8!3m7!1s0x47b18a836231e54b:0xf825c5461e5273d0!8m2!3d53.6473151!4d10.1696578!9m1!1b1!16s%2Fg%2F1tjppk86?entry=ttu&g_ep=EgoyMDI2MDYyOS4wIKXMDSoASAFQAw%3D%3D",0x47b18a836231e54b:0xf825c5461e5273d0,v0.9,2026-07-04T13:28:51.804Z
Meiendorfer Park,,,,,3,263,91,19,32,40,81,21,50,21 bis 50 Bewertungen aufgrund von Beschwerden wegen Diffamierung entfernt,,,,operational,,,53.6230838,10.166346,"https://www.google.com/maps/place/Meiendorfer+Park/@53.6230838,10.166346,17z/data=!4m11!3m10!1s0x47b18aee552ba0fb:0x3bc98d7e405ba125!5m2!4m1!1i2!8m2!3d53.6230838!4d10.166346!9m1!1b1!16s%2Fg%2F1tjmcqkk?entry=ttu&g_ep=EgoyMDI2MDYyOS4wIKXMDSoASAFQAw%3D%3D",0x47b18aee552ba0fb:0x3bc98d7e405ba125,v0.9,2026-07-04T16:23:47.802Z
Autohaus Michael GmbH & Co.KG,,,,,4.3,16,8,18,23,45,173,51,100,51 bis 100 Bewertungen aufgrund von Beschwerden wegen Diffamierung entfernt,,,,operational,,,53.5737534,10.1048766,"https://www.google.com/maps/place/Autohaus+Michael+GmbH+%26+Co.KG/@53.5737534,10.1048766,17z/data=!4m8!3m7!1s0x47b18b8bb1879065:0x8846c714b35e9a98!8m2!3d53.5737534!4d10.1048766!9m1!1b1!16s%2Fg%2F1td_9r5z?entry=ttu&g_ep=EgoyMDI2MDYyOS4wIKXMDSoASAFQAw%3D%3D",0x47b18b8bb1879065:0x8846c714b35e9a98,v0.9,2026-07-04T12:23:06.677Z
Sports Club Wandsbek,,,,,4.9,73,9,3,5,195,1593,51,100,51 bis 100 Bewertungen aufgrund von Beschwerden wegen Diffamierung entfernt,,,,operational,,,53.5882516,10.0967921,"https://www.google.com/maps/place/Sports+Club+Wandsbek/@53.5882516,10.0967921,17z/data=!3m1!5s0x47b18be950c57911:0x40ab480749df57ac!4m8!3m7!1s0x47b18bebfdb773af:0xf32ea65c891fbd19!8m2!3d53.5882516!4d10.0967921!9m1!1b1!16s%2Fg%2F1ttdxhkk?entry=ttu&g_ep=EgoyMDI2MDYyOS4wIKXMDSoASAFQAw%3D%3D",0x47b18bebfdb773af:0xf32ea65c891fbd19,v0.9,2026-07-04T13:30:07.404Z
NI HAO,,,,,4.5,49,10,13,76,252,642,11,20,11 bis 20 Bewertungen aufgrund von Beschwerden wegen Diffamierung entfernt,,,,operational,,,53.575221,10.074409,"https://www.google.com/maps/place/NI+HAO/@53.575221,10.074409,17z/data=!4m8!3m7!1s0x47b18bff103418fb:0x40029a0abd5b2600!8m2!3d53.575221!4d10.074409!9m1!1b1!16s%2Fg%2F1td2ljsx?entry=ttu&g_ep=EgoyMDI2MDYyOS4wIKXMDSoASAFQAw%3D%3D",0x47b18bff103418fb:0x40029a0abd5b2600,v0.9,2026-07-04T13:55:56.220Z
Tierarztpraxis Am Eichtalpark,,,,,4.6,2,13,6,5,24,199,21,50,21 bis 50 Bewertungen aufgrund von Beschwerden wegen Diffamierung entfernt,,,,operational,,,53.5748007,10.0735596,"https://www.google.com/maps/place/Tierarztpraxis+Am+Eichtalpark/@53.5748007,10.0735596,17z/data=!3m1!5s0x47b18bff0d1dca8d:0xc205a63fc85f43a2!4m8!3m7!1s0x47b18bff72ae57c5:0xf445edfc70064d71!8m2!3d53.5748007!4d10.0735596!9m1!1b1!16s%2Fg%2F1tfbmck8?entry=ttu&g_ep=EgoyMDI2MDYyOS4wIKXMDSoASAFQAw%3D%3D",0x47b18bff72ae57c5:0xf445edfc70064d71,v0.9,2026-07-04T11:12:26.631Z
Zahnarztpraxis Evgenij Veprik & Partner,,,,,4.9,2,0,2,1,2,77,11,20,11 bis 20 Bewertungen aufgrund von Beschwerden wegen Diffamierung entfernt,,,,operational,,,53.5413322,10.1022748,"https://www.google.com/maps/place/Zahnarztpraxis+Evgenij+Veprik+%26+Partner/@53.5413322,10.1022748,17z/data=!4m8!3m7!1s0x47b18c5b2c8ce8c1:0x257f83d151310ed8!8m2!3d53.5413322!4d10.1022748!9m1!1b1!16s%2Fg%2F1v9l9v6_?entry=ttu&g_ep=EgoyMDI2MDYyOS4wIKXMDSoASAFQAw%3D%3D",0x47b18c5b2c8ce8c1:0x257f83d151310ed8,v0.9,2026-07-04T10:34:00.684Z
Blaue Adria,,,,,4.7,2,0,0,29,78,346,21,50,21 bis 50 Bewertungen aufgrund von Beschwerden wegen Diffamierung entfernt,,,,operational,,,53.5351288,10.0416977,"https://www.google.com/maps/place/Blaue+Adria/@53.5351288,10.0416977,17z/data=!4m8!3m7!1s0x47b18e864b6c364d:0x53c1aeb013ab16a1!8m2!3d53.5351288!4d10.0416977!9m1!1b1!16s%2Fg%2F11bvt8m48g?entry=ttu&g_ep=EgoyMDI2MDYyOS4wIKXMDSoASAFQAw%3D%3D",0x47b18e864b6c364d:0x53c1aeb013ab16a1,v0.9,2026-07-04T13:51:34.222Z
Hotel Volksschule,,,,,4.8,1925,2,1,5,324,1593,51,100,51 bis 100 Bewertungen aufgrund von Beschwerden wegen Diffamierung entfernt,,,,operational,,,53.5538165,10.0609725,"https://www.google.com/maps/place/Hotel+Volksschule/@53.5538165,10.0609725,17z/data=!4m11!3m10!1s0x47b18ea00c571409:0xf0881b567abf5061!5m2!4m1!1i2!8m2!3d53.5538165!4d10.0609725!9m1!1b1!16s%2Fg%2F12vqlfx3l?entry=ttu&g_ep=EgoyMDI2MDYyOS4wIKXMDSoASAFQAw%3D%3D",0x47b18ea00c571409:0xf0881b567abf5061,v0.9,2026-07-04T16:23:28.891Z
Eye doctor Hamburg Mahmoud Saadat,,,,,3.5,6,41,14,5,14,78,21,50,21 bis 50 Bewertungen aufgrund von Beschwerden wegen Diffamierung entfernt,,,,operational,,,53.5631446,10.0350236,"https://www.google.com/maps/place/Eye+doctor+Hamburg+Mahmoud+Saadat/@53.5631446,10.0350236,17z/data=!4m8!3m7!1s0x47b18eaf274113ef:0x4e8094635d0605cc!8m2!3d53.5631446!4d10.0350236!9m1!1b1!16s%2Fg%2F1tsjcqdh?entry=ttu&g_ep=EgoyMDI2MDYyOS4wIKXMDSoASAFQAw%3D%3D",0x47b18eaf274113ef:0x4e8094635d0605cc,v0.9,2026-07-04T10:47:15.210Z
Drive Pizza,,,,,4.8,2,1,0,0,3,39,21,50,21 bis 50 Bewertungen aufgrund von Beschwerden wegen Diffamierung entfernt,,,,operational,,,53.5580132,10.0357999,"https://www.google.com/maps/place/Drive+Pizza/@53.5580132,10.0357999,17z/data=!3m1!5s0x47b18ebf050ea1c3:0x3fe0b1923e43bc9c!4m8!3m7!1s0x47b18ebf0440eac1:0x15befaf92a9bebeb!8m2!3d53.5580132!4d10.0357999!9m1!1b1!16s%2Fg%2F1tfc11_m?entry=ttu&g_ep=EgoyMDI2MDYyOS4wIKXMDSoASAFQAw%3D%3D",0x47b18ebf0440eac1:0x15befaf92a9bebeb,v0.9,2026-07-04T14:32:53.297Z
Anleger 1870,,,,,4.7,22,37,35,130,297,1995,51,100,51 bis 100 Bewertungen aufgrund von Beschwerden wegen Diffamierung entfernt,,,,operational,,,53.5658379,10.0192505,"https://www.google.com/maps/place/Anleger+1870/@53.5658379,10.0192505,17z/data=!4m8!3m7!1s0x47b18edab8e8a7df:0xe87cd1f973f59df!8m2!3d53.5658379!4d10.0192505!9m1!1b1!16s%2Fg%2F1v76yq6m?entry=ttu&g_ep=EgoyMDI2MDYyOS4wIKXMDSoASAFQAw%3D%3D",0x47b18edab8e8a7df:0xe87cd1f973f59df,v0.9,2026-07-04T14:15:30.671Z
Köz Antep Restaurant,,,,,4.4,132,31,9,59,105,382,101,150,101 bis 150 Bewertungen aufgrund von Beschwerden wegen Diffamierung entfernt,,,,operational,,,53.5529553,10.0102774,"https://www.google.com/maps/place/K%C3%B6z+Antep+Restaurant/@53.5529553,10.0102774,17z/data=!4m8!3m7!1s0x47b18ee6ed4d88f7:0x74dc7c270784bbec!8m2!3d53.5529553!4d10.0102774!9m1!1b1!16s%2Fg%2F11dd_n__9z?entry=ttu&g_ep=EgoyMDI2MDYyOS4wIKXMDSoASAFQAw%3D%3D",0x47b18ee6ed4d88f7:0x74dc7c270784bbec,v0.9,2026-07-04T14:24:52.123Z
Haus des Döners,,,,,4.4,4,10,9,22,38,165,11,20,11 bis 20 Bewertungen aufgrund von Beschwerden wegen Diffamierung entfernt,,,,operational,,,53.5602676,9.9636524,"https://www.google.com/maps/place/Haus+des+D%C3%B6ners/@53.5602676,9.9636524,17z/data=!3m1!5s0x47b18f69ddb4cb3d:0xb0f8b1596132af12!4m8!3m7!1s0x47b18f003bfc810b:0xe33a378a8586bf1f!8m2!3d53.5602676!4d9.9636524!9m1!1b1!16s%2Fg%2F11y458x21y?entry=ttu&g_ep=EgoyMDI2MDYyOS4wIKXMDSoASAFQAw%3D%3D",0x47b18f003bfc810b:0xe33a378a8586bf1f,v0.9,2026-07-04T14:24:23.681Z
Olá Lisboa,,,,,4.6,276,149,24,170,1345,4797,250,,Über 250 Bewertungen aufgrund von Beschwerden wegen Diffamierung entfernt,,,,operational,,,53.546087,9.975282,"https://www.google.com/maps/place/Ol%C3%A1+Lisboa/@53.546087,9.975282,17z/data=!4m8!3m7!1s0x47b18f0c2a35318b:0x178a08d5f25eb399!8m2!3d53.546087!4d9.975282!9m1!1b1!16s%2Fg%2F11cm6dly66?entry=ttu&g_ep=EgoyMDI2MDYyOS4wIKXMDSoASAFQAw%3D%3D",0x47b18f0c2a35318b:0x178a08d5f25eb399,v0.9,2026-07-04T14:06:36.880Z
Old Commercial Room,,,,,4.7,295,22,7,96,449,1663,51,100,51 bis 100 Bewertungen aufgrund von Beschwerden wegen Diffamierung entfernt,,,,operational,,,53.5482843,9.9778089,"https://www.google.com/maps/place/Old+Commercial+Room/@53.5482843,9.9778089,17z/data=!3m1!5s0x47b18f0e19470035:0x47be3c434c96d2d2!4m8!3m7!1s0x47b18f0e18917fe3:0x75bfe7934caad472!8m2!3d53.5482843!4d9.9778089!9m1!1b1!16s%2Fg%2F1td7gsyz?entry=ttu&g_ep=EgoyMDI2MDYyOS4wIKXMDSoASAFQAw%3D%3D",0x47b18f0e18917fe3:0x75bfe7934caad472,v0.9,2026-07-04T14:08:05.776Z
Restaurant D. José - Portugiesenviertel,,,,,4.5,17,32,20,526,1511,3245,21,50,21 bis 50 Bewertungen aufgrund von Beschwerden wegen Diffamierung entfernt,,,,operational,,,53.5459316,9.9758931,"https://www.google.com/maps/place/Restaurant+D.+Jos%C3%A9+-+Portugiesenviertel/@53.5459316,9.9758931,17z/data=!3m1!5s0x47b18f0e8123b7d1:0xc17dec5c2e08bdd8!4m8!3m7!1s0x47b18f0e81af980d:0xdc1202a483ddbba6!8m2!3d53.5459316!4d9.9758931!9m1!1b1!16s%2Fg%2F1tff6nxv?entry=ttu&g_ep=EgoyMDI2MDYyOS4wIKXMDSoASAFQAw%3D%3D",0x47b18f0e81af980d:0xdc1202a483ddbba6,v0.9,2026-07-04T14:07:05.221Z
Das Feuerschiff LV 13,,,,,4.6,3709,10,13,260,1007,2419,151,200,151 bis 200 Bewertungen aufgrund von Beschwerden wegen Diffamierung entfernt,,,,operational,,,53.5434955,9.9787231,"https://www.google.com/maps/place/Das+Feuerschiff+LV+13/@53.5434955,9.9787231,17z/data=!4m11!3m10!1s0x47b18f0edc403d03:0xcf96c498cbfbff70!5m2!4m1!1i2!8m2!3d53.5434955!4d9.9787231!9m1!1b1!16s%2Fg%2F1tfgng8z?entry=ttu&g_ep=EgoyMDI2MDYyOS4wIKXMDSoASAFQAw%3D%3D",0x47b18f0edc403d03:0xcf96c498cbfbff70,v0.9,2026-07-04T14:01:12.136Z
Restaurant September,,,,,4.6,30,21,7,82,659,1415,250,,Über 250 Bewertungen aufgrund von Beschwerden wegen Diffamierung entfernt,,,,operational,,,53.5567539,9.9748471,"https://www.google.com/maps/place/Restaurant+September/@53.5567539,9.9748471,17z/data=!4m8!3m7!1s0x47b18f14fc9e6041:0x8d66f3529cb6e591!8m2!3d53.5567539!4d9.9748471!9m1!1b1!16s%2Fg%2F1xgz9vr9?entry=ttu&g_ep=EgoyMDI2MDYyOS4wIKXMDSoASAFQAw%3D%3D",0x47b18f14fc9e6041:0x8d66f3529cb6e591,v0.9,2026-07-04T14:09:11.503Z
Quán 99,,,,,4.6,3,7,8,17,42,218,11,20,11 bis 20 Bewertungen aufgrund von Beschwerden wegen Diffamierung entfernt,,,,operational,,,53.5744224,10.0586174,"https://www.google.com/maps/place/Qu%C3%A1n+99/@53.5744224,10.0586174,17z/data=!3m1!5s0x47b18eacd27187a9:0x54ecf39a7a3091c!4m8!3m7!1s0x47b18f193490827b:0x85ab3e7afdfdaf72!8m2!3d53.5744224!4d10.0586174!9m1!1b1!16s%2Fg%2F11shfdtkn2?entry=ttu&g_ep=EgoyMDI2MDYyOS4wIKXMDSoASAFQAw%3D%3D",0x47b18f193490827b:0x85ab3e7afdfdaf72,v0.9,2026-07-04T13:58:39.629Z
MKG Praxis Dr. Dr. Abadi,,,,,4.6,2,10,0,5,7,140,11,20,11 bis 20 Bewertungen aufgrund von Beschwerden wegen Diffamierung entfernt,,,,operational,,,53.5734175,10.0640388,"https://www.google.com/maps/place/MKG+Praxis+Dr.+Dr.+Abadi/@53.5734175,10.0640388,17z/data=!4m8!3m7!1s0x47b18f1df6737915:0x1ebf36bb51e27df4!8m2!3d53.5734175!4d10.0640388!9m1!1b1!16s%2Fg%2F12hxchj60?entry=ttu&g_ep=EgoyMDI2MDYyOS4wIKXMDSoASAFQAw%3D%3D",0x47b18f1df6737915:0x1ebf36bb51e27df4,v0.9,2026-07-04T10:27:32.965Z
Sports Club Hafencity,,,,,4.9,6,1,1,0,11,218,21,50,21 bis 50 Bewertungen aufgrund von Beschwerden wegen Diffamierung entfernt,,,,operational,,,53.5393433,10.0011116,"https://www.google.com/maps/place/Sports+Club+Hafencity/@53.5393433,10.0011116,17z/data=!4m8!3m7!1s0x47b18f256c4a2467:0x4a4683a2494297dd!8m2!3d53.5393433!4d10.0011116!9m1!1b1!16s%2Fg%2F11vlpybkpq?entry=ttu&g_ep=EgoyMDI2MDYyOS4wIKXMDSoASAFQAw%3D%3D",0x47b18f256c4a2467:0x4a4683a2494297dd,v0.9,2026-07-04T13:47:17.237Z
bock auf asia,,,,,4.7,5,4,2,3,16,107,21,50,21 bis 50 Bewertungen aufgrund von Beschwerden wegen Diffamierung entfernt,,,,operational,,,53.5608975,9.9480407,"https://www.google.com/maps/place/bock+auf+asia/@53.5608975,9.9480407,17z/data=!4m8!3m7!1s0x47b18f2b4b217b5d:0x6ffe19de28e9055e!8m2!3d53.5608975!4d9.9480407!9m1!1b1!16s%2Fg%2F11kk615q6r?entry=ttu&g_ep=EgoyMDI2MDYyOS4wIKXMDSoASAFQAw%3D%3D",0x47b18f2b4b217b5d:0x6ffe19de28e9055e,v0.9,2026-07-04T14:39:07.446Z
Pamukkale Köz Schanze,,,,,4.8,52,11,7,43,884,4660,51,100,51 bis 100 Bewertungen aufgrund von Beschwerden wegen Diffamierung entfernt,,,,operational,,,53.562383,9.9633597,"https://www.google.com/maps/place/Pamukkale+K%C3%B6z+Schanze/@53.562383,9.9633597,17z/data=!4m8!3m7!1s0x47b18f425b77951b:0xe77d07c46336faf2!8m2!3d53.562383!4d9.9633597!9m1!1b1!16s%2Fg%2F1tffykcl?entry=ttu&g_ep=EgoyMDI2MDYyOS4wIKXMDSoASAFQAw%3D%3D",0x47b18f425b77951b:0xe77d07c46336faf2,v0.9,2026-07-04T14:40:04.144Z
HomeCompany Hamburg,,,,,4.5,2,3,0,0,3,26,11,20,11 bis 20 Bewertungen aufgrund von Beschwerden wegen Diffamierung entfernt,,,,operational,,,53.5643715,9.9599813,"https://www.google.com/maps/place/HomeCompany+Hamburg/@53.5643715,9.9599813,17z/data=!4m8!3m7!1s0x47b18f432db99f81:0x352d1e684ad44827!8m2!3d53.5643715!4d9.9599813!9m1!1b1!16s%2Fg%2F1tdn7qr_?entry=ttu&g_ep=EgoyMDI2MDYyOS4wIKXMDSoASAFQAw%3D%3D",0x47b18f432db99f81:0x352d1e684ad44827,v0.9,2026-07-04T12:01:35.276Z
Il Siciliano,,,,,4.7,2,10,7,9,96,385,51,100,51 bis 100 Bewertungen aufgrund von Beschwerden wegen Diffamierung entfernt,,,,operational,,,53.5550206,9.9802777,"https://www.google.com/maps/place/Il+Siciliano/@53.5550206,9.9802777,17z/data=!4m8!3m7!1s0x47b18f496a8369bb:0xda7ac89c5bd06b31!8m2!3d53.5550206!4d9.9802777!9m1!1b1!16s%2Fg%2F11rnhx442g?entry=ttu&g_ep=EgoyMDI2MDYyOS4wIKXMDSoASAFQAw%3D%3D",0x47b18f496a8369bb:0xda7ac89c5bd06b31,v0.9,2026-07-04T14:08:15.215Z
Cats Only veterinary practice for Cats,,,,,4.9,5,0,0,0,19,241,21,50,21 bis 50 Bewertungen aufgrund von Beschwerden wegen Diffamierung entfernt,,,,operational,,,53.5715083,9.9588278,"https://www.google.com/maps/place/Cats+Only+veterinary+practice+for+Cats/@53.5715083,9.9588278,17z/data=!4m8!3m7!1s0x47b18f5a88a725df:0x3b16dec92c1cdaa0!8m2!3d53.5715083!4d9.9588278!9m1!1b1!16s%2Fg%2F1thx7nvt?entry=ttu&g_ep=EgoyMDI2MDYyOS4wIKXMDSoASAFQAw%3D%3D",0x47b18f5a88a725df:0x3b16dec92c1cdaa0,v0.9,2026-07-04T11:15:16.450Z
Dr. med. dent. Ingo G. Drong,,,,,4.9,2,2,0,0,0,68,11,20,11 bis 20 Bewertungen aufgrund von Beschwerden wegen Diffamierung entfernt,,,,operational,,,53.5615333,9.9487477,"https://www.google.com/maps/place/Dr.+med.+dent.+Ingo+G.+Drong/@53.5615333,9.9487477,17z/data=!3m1!5s0x47b18f60987cbb79:0x6898f7a65e013d22!4m8!3m7!1s0x47b18f60981c1751:0xdf85505a56269cce!8m2!3d53.5615333!4d9.9487477!9m1!1b1!16s%2Fg%2F1thhjkqc?entry=ttu&g_ep=EgoyMDI2MDYyOS4wIKXMDSoASAFQAw%3D%3D",0x47b18f60981c1751:0xdf85505a56269cce,v0.9,2026-07-04T10:33:13.403Z
Herzstück,,,,,4.7,8,2,2,50,114,501,21,50,21 bis 50 Bewertungen aufgrund von Beschwerden wegen Diffamierung entfernt,,,,operational,,,53.5739802,9.9618372,"https://www.google.com/maps/place/Herzst%C3%BCck/@53.5739802,9.9618372,17z/data=!4m8!3m7!1s0x47b18f62d230c223:0xf7b2590268e9aae3!8m2!3d53.5739802!4d9.9618372!9m1!1b1!16s%2Fg%2F11jkbqzrnf?entry=ttu&g_ep=EgoyMDI2MDYyOS4wIKXMDSoASAFQAw%3D%3D",0x47b18f62d230c223:0xf7b2590268e9aae3,v0.9,2026-07-04T13:59:39.605Z
BurgerVision Smashburger - HH Eimsbüttel,,,,,4.5,16,26,1,98,157,581,101,150,101 bis 150 Bewertungen aufgrund von Beschwerden wegen Diffamierung entfernt,,,,operational,,,53.5679231,9.9800341,"https://www.google.com/maps/place/BurgerVision+Smashburger+-+HH+Eimsb%C3%BCttel/@53.5679231,9.9800341,17z/data=!4m8!3m7!1s0x47b18f6ff525a0cb:0xdfa02d0a79e73e02!8m2!3d53.5679231!4d9.9800341!9m1!1b1!16s%2Fg%2F11sw0x1rl0?entry=ttu&g_ep=EgoyMDI2MDYyOS4wIKXMDSoASAFQAw%3D%3D",0x47b18f6ff525a0cb:0xdfa02d0a79e73e02,v0.9,2026-07-04T14:39:45.250Z
Hotel Lafayette,,,,,4.1,117,6,1,15,47,48,21,50,21 bis 50 Bewertungen aufgrund von Beschwerden wegen Diffamierung entfernt,,,,operational,,,53.55055,9.95608,"https://www.google.com/maps/place/Hotel+Lafayette/@53.55055,9.95608,17z/data=!4m11!3m10!1s0x47b18f701df9ce4f:0x468c8a7495a0e978!5m2!4m1!1i2!8m2!3d53.55055!4d9.95608!9m1!1b1!16s%2Fg%2F1tf_mc8v?entry=ttu&g_ep=EgoyMDI2MDYyOS4wIKXMDSoASAFQAw%3D%3D",0x47b18f701df9ce4f:0x468c8a7495a0e978,v0.9,2026-07-04T16:25:12.531Z
KÖZ ANTEP GÜLBABA,,,,,4.6,130,69,6,13,286,1092,250,,Über 250 Bewertungen aufgrund von Beschwerden wegen Diffamierung entfernt,,,,operational,,,53.5493658,9.9589596,"https://www.google.com/maps/place/K%C3%96Z+ANTEP+G%C3%9CLBABA/@53.5493658,9.9589596,17z/data=!4m8!3m7!1s0x47b18f7220a80631:0xeb1209d6202b392d!8m2!3d53.5493658!4d9.9589596!9m1!1b1!16s%2Fg%2F1tt1g8hh?entry=ttu&g_ep=EgoyMDI2MDYyOS4wIKXMDSoASAFQAw%3D%3D",0x47b18f7220a80631:0xeb1209d6202b392d,v0.9,2026-07-04T14:39:54.706Z
Der Kebap,,,,,4.7,17,10,2,37,99,628,11,20,11 bis 20 Bewertungen aufgrund von Beschwerden wegen Diffamierung entfernt,,,,operational,,,53.5367005,10.0337695,"https://www.google.com/maps/place/Der+Kebap/@53.5367005,10.0337695,17z/data=!3m1!5s0x47b18e896ea47fd9:0x5698283d478fac2a!4m8!3m7!1s0x47b18f8052dbdb49:0x402e1fab4930e067!8m2!3d53.5367005!4d10.0337695!9m1!1b1!16s%2Fg%2F11qbd256h4?entry=ttu&g_ep=EgoyMDI2MDYyOS4wIKXMDSoASAFQAw%3D%3D",0x47b18f8052dbdb49:0x402e1fab4930e067,v0.9,2026-07-04T14:14:44.141Z
Kanzlei CleverLaw,,,,,4.9,2,2,0,1,1,114,11,20,11 bis 20 Bewertungen aufgrund von Beschwerden wegen Diffamierung entfernt,,,,operational,,,53.5617631,10.0145584,"https://www.google.com/maps/place/Kanzlei+CleverLaw/@53.5617631,10.0145584,17z/data=!4m8!3m7!1s0x47b18f850efca5a7:0xadfc5216d0d50ecc!8m2!3d53.5617631!4d10.0145584!9m1!1b1!16s%2Fg%2F11rrs841rx?entry=ttu&g_ep=EgoyMDI2MDYyOS4wIKXMDSoASAFQAw%3D%3D",0x47b18f850efca5a7:0xadfc5216d0d50ecc,v0.9,2026-07-04T11:31:47.874Z
Vietnam Town Sushi Bar,,,,,4.6,3,5,5,6,38,137,21,50,21 bis 50 Bewertungen aufgrund von Beschwerden wegen Diffamierung entfernt,,,,operational,,,53.5413882,9.9909409,"https://www.google.com/maps/place/Vietnam+Town+Sushi+Bar/@53.5413882,9.9909409,17z/data=!4m8!3m7!1s0x47b18fde649575c9:0x236c4c1deaef6f32!8m2!3d53.5413882!4d9.9909409!9m1!1b1!16s%2Fg%2F11t4x4fl0n?entry=ttu&g_ep=EgoyMDI2MDYyOS4wIKXMDSoASAFQAw%3D%3D",0x47b18fde649575c9:0x236c4c1deaef6f32,v0.9,2026-07-04T14:01:47.797Z
PELLICANO,,,,,4.2,17,44,37,37,25,365,21,50,21 bis 50 Bewertungen aufgrund von Beschwerden wegen Diffamierung entfernt,,,,operational,,,53.5586218,9.9899588,"https://www.google.com/maps/place/PELLICANO/@53.5586218,9.9899588,17z/data=!4m8!3m7!1s0x47b18feabc47f9ef:0x8e282c06a4613844!8m2!3d53.5586218!4d9.9899588!9m1!1b1!16s%2Fg%2F11xg__kb96?entry=ttu&g_ep=EgoyMDI2MDYyOS4wIKXMDSoASAFQAw%3D%3D",0x47b18feabc47f9ef:0x8e282c06a4613844,v0.9,2026-07-04T14:11:46.645Z
"Vetzentrum Hafencity, Tierarzt Hamburg Innenstadt",,,,,3.7,3,40,2,0,0,90,11,20,11 bis 20 Bewertungen aufgrund von Beschwerden wegen Diffamierung entfernt,,,,operational,,,53.5365016,10.0168679,"https://www.google.com/maps/place/Vetzentrum+Hafencity,+Tierarzt+Hamburg+Innenstadt/@53.5365016,10.0168679,17z/data=!4m8!3m7!1s0x47b18ff088c9cc01:0x133671a145d4d220!8m2!3d53.5365016!4d10.0168679!9m1!1b1!16s%2Fg%2F11h_bvgk5s?entry=ttu&g_ep=EgoyMDI2MDYyOS4wIKXMDSoASAFQAw%3D%3D",0x47b18ff088c9cc01:0x133671a145d4d220,v0.9,2026-07-04T11:19:21.626Z
Golden City,,,,,4,16,43,30,54,118,232,51,100,51 bis 100 Bewertungen aufgrund von Beschwerden wegen Diffamierung entfernt,,,,operational,,,53.460079,9.9786132,"https://www.google.com/maps/place/Golden+City/@53.460079,9.9786132,17z/data=!4m8!3m7!1s0x47b191a519ee8515:0x3fe0cc7949882deb!8m2!3d53.460079!4d9.9786132!9m1!1b1!16s%2Fg%2F1tdg6vwy?entry=ttu&g_ep=EgoyMDI2MDYyOS4wIKXMDSoASAFQAw%3D%3D",0x47b191a519ee8515:0x3fe0cc7949882deb,v0.9,2026-07-04T14:04:06.046Z
Momento di... Restaurant,,,,,4.8,5,2,1,1,157,643,21,50,21 bis 50 Bewertungen aufgrund von Beschwerden wegen Diffamierung entfernt,,,,operational,,,53.4663592,9.9869028,"https://www.google.com/maps/place/Momento+di...+Restaurant/@53.4663592,9.9869028,17z/data=!3m1!5s0x47b191b9869c4903:0x46b0ee8c96ebed19!4m8!3m7!1s0x47b191b984567007:0x5e26dc79c281b549!8m2!3d53.4663592!4d9.9869028!9m1!1b1!16s%2Fg%2F1tg85qcf?entry=ttu&g_ep=EgoyMDI2MDYyOS4wIKXMDSoASAFQAw%3D%3D",0x47b191b984567007:0x5e26dc79c281b549,v0.9,2026-07-04T14:04:26.902Z
Fitness Lounge Ladies,,,,,4.6,10,10,0,9,34,157,11,20,11 bis 20 Bewertungen aufgrund von Beschwerden wegen Diffamierung entfernt,,,,operational,,,53.4614425,9.9855816,"https://www.google.com/maps/place/Fitness+Lounge+Ladies/@53.4614425,9.9855816,17z/data=!4m8!3m7!1s0x47b191bb277e4bb3:0xd4f981de2889e016!8m2!3d53.4614425!4d9.9855816!9m1!1b1!16s%2Fg%2F1td1_9qc?entry=ttu&g_ep=EgoyMDI2MDYyOS4wIKXMDSoASAFQAw%3D%3D",0x47b191bb277e4bb3:0xd4f981de2889e016,v0.9,2026-07-04T13:37:15.341Z
Emil Frey Küstengarage Hamburg,,,,,4.5,30,72,29,61,104,1032,51,100,51 bis 100 Bewertungen aufgrund von Beschwerden wegen Diffamierung entfernt,,,,operational,,,53.4766754,10.2049163,"https://www.google.com/maps/place/Emil+Frey+K%C3%BCstengarage+Hamburg/@53.4766754,10.2049163,17z/data=!3m1!5s0x47b1f2823a0fde5d:0x326a960bcf01a678!4m8!3m7!1s0x47b1f283d9a10795:0x60c74d50f60a94a5!8m2!3d53.4766754!4d10.2049163!9m1!1b1!16s%2Fg%2F1tgds5wc?entry=ttu&g_ep=EgoyMDI2MDYyOS4wIKXMDSoASAFQAw%3D%3D",0x47b1f283d9a10795:0x60c74d50f60a94a5,v0.9,2026-07-04T12:29:41.615Z
Hotel Hanseat,,,,,4.3,92,7,1,3,30,51,51,100,51 bis 100 Bewertungen aufgrund von Beschwerden wegen Diffamierung entfernt,,,,operational,,,53.4933537,10.1978852,"https://www.google.com/maps/place/Hotel+Hanseat/@53.4933537,10.1978852,17z/data=!4m11!3m10!1s0x47b1f293ed3f7ad1:0x85c83ddc90e07133!5m2!4m1!1i2!8m2!3d53.4933537!4d10.1978852!9m1!1b1!16s%2Fg%2F12xqt17vx?entry=ttu&g_ep=EgoyMDI2MDYyOS4wIKXMDSoASAFQAw%3D%3D",0x47b1f293ed3f7ad1:0x85c83ddc90e07133,v0.9,2026-07-04T16:19:22.351Z
Stoltenberg Automobile GmbH & Co. KG,,,,,4.7,12,6,1,17,58,262,21,50,21 bis 50 Bewertungen aufgrund von Beschwerden wegen Diffamierung entfernt,,,,operational,,,53.6611833,10.0811664,"https://www.google.com/maps/place/Stoltenberg+Automobile+GmbH+%26+Co.+KG/@53.6611833,10.0811664,17z/data=!4m8!3m7!1s0x47b227588e6fdfd3:0x6c9a81c8bcbd9fff!8m2!3d53.6611833!4d10.0811664!9m1!1b1!16s%2Fg%2F1vn_y099?entry=ttu&g_ep=EgoyMDI2MDYyOS4wIKXMDSoASAFQAw%3D%3D",0x47b227588e6fdfd3:0x6c9a81c8bcbd9fff,v0.9,2026-07-04T12:21:32.464Z
Immobilienverwaltung Maskus,,,,,4.9,3,1,0,0,2,87,11,20,11 bis 20 Bewertungen aufgrund von Beschwerden wegen Diffamierung entfernt,,,,operational,,,50.9569302,7.1147616,"https://www.google.com/maps/place/Immobilienverwaltung+Maskus/@50.9569302,7.1147616,17z/data=!4m8!3m7!1s0x47bed804122eb2a5:0xe7b1318c31b1b51e!8m2!3d50.9569302!4d7.1147616!9m1!1b1!16s%2Fg%2F11c1xfl13v?entry=ttu&g_ep=EgoyMDI2MDYyOS4wIKXMDSoASAFQAw%3D%3D",0x47bed804122eb2a5:0xe7b1318c31b1b51e,v0.9,2026-07-05T05:01:27.085Z
Emlak AG,,,,,4.5,3,3,0,0,1,23,11,20,11 bis 20 Bewertungen aufgrund von Beschwerden wegen Diffamierung entfernt,,,,operational,,,50.8809561,7.0741762,"https://www.google.com/maps/place/Emlak+AG/@50.8809561,7.0741762,17z/data=!4m8!3m7!1s0x47bf20b2a62f90a3:0xbfd2541a39ff43e9!8m2!3d50.8809561!4d7.0741762!9m1!1b1!16s%2Fg%2F113j_k2x1?entry=ttu&g_ep=EgoyMDI2MDYyOS4wIKXMDSoASAFQAw%3D%3D",0x47bf20b2a62f90a3:0xbfd2541a39ff43e9,v0.9,2026-07-05T04:57:28.371Z
Dr. Brombach & Sahebdjami Praxis für Lungenheilkunde,,,,,4.4,3,13,0,0,13,80,21,50,21 bis 50 Bewertungen aufgrund von Beschwerden wegen Diffamierung entfernt,,,,operational,,,50.8806574,7.0552269,"https://www.google.com/maps/place/Dr.+Brombach+%26+Sahebdjami+Praxis+f%C3%BCr+Lungenheilkunde/@50.8806574,7.0552269,17z/data=!4m8!3m7!1s0x47bf20cb7bbff239:0x17df015f10bef208!8m2!3d50.8806574!4d7.0552269!9m1!1b1!16s%2Fg%2F1tf3n11v?entry=ttu&g_ep=EgoyMDI2MDYyOS4wIKXMDSoASAFQAw%3D%3D",0x47bf20cb7bbff239:0x17df015f10bef208,v0.9,2026-07-05T04:21:06.397Z
Claudia Graf vet,,,,,4.9,41,4,0,3,17,243,11,20,11 bis 20 Bewertungen aufgrund von Beschwerden wegen Diffamierung entfernt,,,,operational,,,50.8726422,6.9535142,"https://www.google.com/maps/place/Claudia+Graf+vet/@50.8726422,6.9535142,17z/data=!4m8!3m7!1s0x47bf2394adee2b3f:0xc79a44b9039af20d!8m2!3d50.8726422!4d6.9535142!9m1!1b1!16s%2Fg%2F1tfl8sw5?entry=ttu&g_ep=EgoyMDI2MDYyOS4wIKXMDSoASAFQAw%3D%3D",0x47bf2394adee2b3f:0xc79a44b9039af20d,v0.9,2026-07-05T04:29:48.417Z
JOSEPH´S Restaurant in Köln,,,,,4.6,9,6,5,9,201,484,151,200,151 bis 200 Bewertungen aufgrund von Beschwerden wegen Diffamierung entfernt,,,,operational,,,50.9205012,6.9691647,"https://www.google.com/maps/place/JOSEPH%C2%B4S+Restaurant+in+K%C3%B6ln/@50.9205012,6.9691647,17z/data=!4m8!3m7!1s0x47bf24379e3709df:0x49ee7670a64f1c98!8m2!3d50.9205012!4d6.9691647!9m1!1b1!16s%2Fg%2F1tzztmzc?entry=ttu&g_ep=EgoyMDI2MDYyOS4wIKXMDSoASAFQAw%3D%3D",0x47bf24379e3709df:0x49ee7670a64f1c98,v0.9,2026-07-05T06:42:48.734Z
Bagatelle,,,,,4.3,188,74,71,134,384,1047,51,100,51 bis 100 Bewertungen aufgrund von Beschwerden wegen Diffamierung entfernt,,,,operational,,,50.9189175,6.9622669,"https://www.google.com/maps/place/Bagatelle/@50.9189175,6.9622669,17z/data=!3m1!5s0x47bf2447ccad6f85:0x84e3769ef9c4cc45!4m8!3m7!1s0x47bf2446334d078d:0x358708f8d056af3f!8m2!3d50.9189175!4d6.9622669!9m1!1b1!16s%2Fg%2F11b7ln5vgs?entry=ttu&g_ep=EgoyMDI2MDYyOS4wIKXMDSoASAFQAw%3D%3D",0x47bf2446334d078d:0x358708f8d056af3f,v0.9,2026-07-05T06:41:52.006Z
DSI - Dr.-Ing. Schmolke Immobilien GmbH,,,,,4.7,15,9,0,0,3,120,11,20,11 bis 20 Bewertungen aufgrund von Beschwerden wegen Diffamierung entfernt,,,,operational,,,50.9303532,6.9463278,"https://www.google.com/maps/place/DSI+-+Dr.-Ing.+Schmolke+Immobilien+GmbH/@50.9303532,6.9463278,17z/data=!4m8!3m7!1s0x47bf2455f3fbea93:0x34d366bf34e46997!8m2!3d50.9303532!4d6.9463278!9m1!1b1!16s%2Fg%2F1ptvqt860?entry=ttu&g_ep=EgoyMDI2MDYyOS4wIKXMDSoASAFQAw%3D%3D",0x47bf2455f3fbea93:0x34d366bf34e46997,v0.9,2026-07-05T04:58:55.099Z
En Elladi,,,,,4.5,5,4,13,24,63,245,21,50,21 bis 50 Bewertungen aufgrund von Beschwerden wegen Diffamierung entfernt,,,,operational,,,50.9059057,6.9588108,"https://www.google.com/maps/place/En+Elladi/@50.9059057,6.9588108,17z/data=!4m8!3m7!1s0x47bf246ba734e881:0xa7eccadd2fb41cdb!8m2!3d50.9059057!4d6.9588108!9m1!1b1!16s%2Fg%2F12hq3sv9h?entry=ttu&g_ep=EgoyMDI2MDYyOS4wIKXMDSoASAFQAw%3D%3D",0x47bf246ba734e881:0xa7eccadd2fb41cdb,v0.9,2026-07-05T07:09:16.364Z
Hotel Haus Schwan,,,,,4.5,437,16,5,5,142,269,151,200,151 bis 200 Bewertungen aufgrund von Beschwerden wegen Diffamierung entfernt,,,,operational,,,50.9290113,6.911525,"https://www.google.com/maps/place/Hotel+Haus+Schwan/@50.9290113,6.911525,17z/data=!4m11!3m10!1s0x47bf24de8eb9f09f:0xe29d8f0258b4fcaa!5m2!4m1!1i2!8m2!3d50.9290113!4d6.911525!9m1!1b1!16s%2Fg%2F1q62g_88j?entry=ttu&g_ep=EgoyMDI2MDYyOS4wIKXMDSoASAFQAw%3D%3D",0x47bf24de8eb9f09f:0xe29d8f0258b4fcaa,v0.9,2026-07-05T07:48:02.925Z
Tierklinik Kellerwessel in Köln - Tierärztliche Klinik mit 24h Notdienst,,,,,4,28,309,10,87,198,1101,250,,Über 250 Bewertungen aufgrund von Beschwerden wegen Diffamierung entfernt,,,,operational,,,50.9017629,6.955254,"https://www.google.com/maps/place/Tierklinik+Kellerwessel+in+K%C3%B6ln+-+Tier%C3%A4rztliche+Klinik+mit+24h+Notdienst/@50.9017629,6.955254,17z/data=!4m8!3m7!1s0x47bf24f71d88cbcb:0x8aeb11a44c8b847!8m2!3d50.9017629!4d6.955254!9m1!1b1!16s%2Fg%2F1tc_vqxm?entry=ttu&g_ep=EgoyMDI2MDYyOS4wIKXMDSoASAFQAw%3D%3D",0x47bf24f71d88cbcb:0x8aeb11a44c8b847,v0.9,2026-07-05T04:36:00.190Z
Ferkulum,Greek restaurant,Köln,50674,"Address: Zülpicher Str. 37, 50674 Köln",4.7,4,7,0,2,111,338,101,150,101 bis 150 Bewertungen aufgrund von Beschwerden wegen Diffamierung entfernt,https://www.ferkulum-koeln.de/,https://lh3.googleusercontent.com/gps-cs-s/APNQkAFmDI2U510YDKvUgQT5fjvW4wqwfnOZeMThwi00qaU62lZnhN73jSFLfnPPNiaZ4mSQLtPC27BexnLPElS8UBVdheDMjekfgIHviaHqkR-P9o6zBGAUKfkmM6OF4JkIfmjQSvsQlQ=w408-h591-k-no,1,operational,,,50.9287654,6.9369972,"https://www.google.com/maps/place/Ferkulum/@50.9287654,6.9369972,17z/data=!3m1!4b1!4m6!3m5!1s0x47bf24fef40eb9c1:0xb6412c0ade9df334!8m2!3d50.9287654!4d6.9369972!16s%2Fg%2F1vhlx9sb?entry=ttu&g_ep=EgoyMDI2MDYyOS4wIKXMDSoASAFQAw%3D%3D",0x47bf24fef40eb9c1:0xb6412c0ade9df334,v0.9,2026-07-05T07:23:48.847Z
Beef Burger One,,,,,4.8,102,18,24,26,51,989,21,50,21 bis 50 Bewertungen aufgrund von Beschwerden wegen Diffamierung entfernt,,,,operational,,,50.9300614,6.939045,"https://www.google.com/maps/place/Beef+Burger+One/@50.9300614,6.939045,17z/data=!4m8!3m7!1s0x47bf24ffb15cba89:0x8ad99a1646f3c9b1!8m2!3d50.9300614!4d6.939045!9m1!1b1!16s%2Fg%2F11c53cp2jh?entry=ttu&g_ep=EgoyMDI2MDYyOS4wIKXMDSoASAFQAw%3D%3D",0x47bf24ffb15cba89:0x8ad99a1646f3c9b1,v0.9,2026-07-05T07:02:30.455Z
Borsalino Restaurant & Bar,,,,,4.6,13,19,13,140,413,1513,21,50,21 bis 50 Bewertungen aufgrund von Beschwerden wegen Diffamierung entfernt,,,,operational,,,50.929747,6.9385435,"https://www.google.com/maps/place/Borsalino+Restaurant+%26+Bar/@50.929747,6.9385435,17z/data=!4m8!3m7!1s0x47bf24ffb2ad2c35:0xbc6515464c6ef533!8m2!3d50.929747!4d6.9385435!9m1!1b1!16s%2Fg%2F1tj83zz4?entry=ttu&g_ep=EgoyMDI2MDYyOS4wIKXMDSoASAFQAw%3D%3D",0x47bf24ffb2ad2c35:0xbc6515464c6ef533,v0.9,2026-07-05T06:38:36.677Z
Steak Döner,,,,,4.5,3,11,2,11,20,127,21,50,21 bis 50 Bewertungen aufgrund von Beschwerden wegen Diffamierung entfernt,,,,operational,,,50.9169622,6.9895297,"https://www.google.com/maps/place/Steak+D%C3%B6ner/@50.9169622,6.9895297,17z/data=!4m8!3m7!1s0x47bf25002f5a7e25:0xc7d737798b90fe4d!8m2!3d50.9169622!4d6.9895297!9m1!1b1!16s%2Fg%2F11wh5r2g3s?entry=ttu&g_ep=EgoyMDI2MDYyOS4wIKXMDSoASAFQAw%3D%3D",0x47bf25002f5a7e25:0xc7d737798b90fe4d,v0.9,2026-07-05T07:17:39.657Z
Montanara,,,,,4.5,2,9,5,48,138,404,51,100,51 bis 100 Bewertungen aufgrund von Beschwerden wegen Diffamierung entfernt,,,,operational,,,50.9414291,6.9372948,"https://www.google.com/maps/place/Montanara/@50.9414291,6.9372948,17z/data=!3m1!5s0x47bf2505ef87a77d:0x870f8a7db6ec87cc!4m8!3m7!1s0x47bf2505e69dbbdf:0xeb36b1ab6206e6e2!8m2!3d50.9414291!4d6.9372948!9m1!1b1!16s%2Fg%2F1tfcgxcy?entry=ttu&g_ep=EgoyMDI2MDYyOS4wIKXMDSoASAFQAw%3D%3D",0x47bf2505e69dbbdf:0xeb36b1ab6206e6e2,v0.9,2026-07-05T06:57:14.138Z
Nemo am Ring – Kinderzahnarztpraxis,,,,,4.4,23,15,4,0,5,113,21,50,21 bis 50 Bewertungen aufgrund von Beschwerden wegen Diffamierung entfernt,,,,operational,,,50.93904,6.93929,"https://www.google.com/maps/place/Nemo+am+Ring+%E2%80%93+Kinderzahnarztpraxis/@50.93904,6.93929,17z/data=!4m8!3m7!1s0x47bf2506f31eb917:0xa5111ee36169c389!8m2!3d50.93904!4d6.93929!9m1!1b1!16s%2Fg%2F1v5fr0xs?entry=ttu&g_ep=EgoyMDI2MDYyOS4wIKXMDSoASAFQAw%3D%3D",0x47bf2506f31eb917:0xa5111ee36169c389,v0.9,2026-07-05T03:50:03.840Z
NoShade,,,,,4.9,14,3,1,10,11,411,21,50,21 bis 50 Bewertungen aufgrund von Beschwerden wegen Diffamierung entfernt,,,,operational,,,50.9397541,6.9412644,"https://www.google.com/maps/place/NoShade/@50.9397541,6.9412644,17z/data=!4m8!3m7!1s0x47bf2507ac7bc667:0x1a51d9c59bede944!8m2!3d50.9397541!4d6.9412644!9m1!1b1!16s%2Fg%2F12hkfbc_p?entry=ttu&g_ep=EgoyMDI2MDYyOS4wIKXMDSoASAFQAw%3D%3D",0x47bf2507ac7bc667:0x1a51d9c59bede944,v0.9,2026-07-05T05:48:31.656Z
WBS LEGAL,,,,,4.9,10,26,7,21,189,3395,21,50,21 bis 50 Bewertungen aufgrund von Beschwerden wegen Diffamierung entfernt,,,,operational,,,50.9417224,6.8890931,"https://www.google.com/maps/place/WBS+LEGAL/@50.9417224,6.8890931,17z/data=!4m8!3m7!1s0x47bf25090180d079:0x4dcd34db230c5614!8m2!3d50.9417224!4d6.8890931!9m1!1b1!16s%2Fg%2F1tjgzhf6?entry=ttu&g_ep=EgoyMDI2MDYyOS4wIKXMDSoASAFQAw%3D%3D",0x47bf25090180d079:0x4dcd34db230c5614,v0.9,2026-07-05T04:46:27.431Z
Park-Grill Döner,,,,,4.2,13,29,21,20,47,199,11,20,11 bis 20 Bewertungen aufgrund von Beschwerden wegen Diffamierung entfernt,,,,operational,,,50.9423311,6.9351665,"https://www.google.com/maps/place/Park-Grill+D%C3%B6ner/@50.9423311,6.9351665,17z/data=!4m8!3m7!1s0x47bf250f7e265013:0xc97430ea2231c9d6!8m2!3d50.9423311!4d6.9351665!9m1!1b1!16s%2Fg%2F11byv72dl9?entry=ttu&g_ep=EgoyMDI2MDYyOS4wIKXMDSoASAFQAw%3D%3D",0x47bf250f7e265013:0xc97430ea2231c9d6,v0.9,2026-07-05T07:08:59.460Z
Sushi World,,,,,4.6,4,7,2,15,48,205,21,50,21 bis 50 Bewertungen aufgrund von Beschwerden wegen Diffamierung entfernt,,,,operational,,,50.9461345,6.8977665,"https://www.google.com/maps/place/Sushi+World/@50.9461345,6.8977665,17z/data=!3m1!5s0x47bf253243e68b5b:0xe97232f3fac0dadf!4m8!3m7!1s0x47bf253241109815:0xac1a1e8eadad9ea8!8m2!3d50.9461345!4d6.8977665!9m1!1b1!16s%2Fg%2F11fx7ngdsh?entry=ttu&g_ep=EgoyMDI2MDYyOS4wIKXMDSoASAFQAw%3D%3D",0x47bf253241109815:0xac1a1e8eadad9ea8,v0.9,2026-07-05T06:34:50.559Z
Hatay Gourmet,,,,,4.9,70,4,0,2,28,315,21,50,21 bis 50 Bewertungen aufgrund von Beschwerden wegen Diffamierung entfernt,,,,operational,,,50.9514586,6.9145445,"https://www.google.com/maps/place/Hatay+Gourmet/@50.9514586,6.9145445,17z/data=!4m8!3m7!1s0x47bf25357e54ccbd:0x89b8daaf05979662!8m2!3d50.9514586!4d6.9145445!9m1!1b1!16s%2Fg%2F11ltjzyd4x?entry=ttu&g_ep=EgoyMDI2MDYyOS4wIKXMDSoASAFQAw%3D%3D",0x47bf25357e54ccbd:0x89b8daaf05979662,v0.9,2026-07-05T07:19:31.415Z
Black Hotels Köln,,,,,4.6,633,16,13,19,130,455,21,50,21 bis 50 Bewertungen aufgrund von Beschwerden wegen Diffamierung entfernt,,,,operational,,,50.9517398,6.903798,"https://www.google.com/maps/place/Black+Hotels+K%C3%B6ln/@50.9517398,6.903798,17z/data=!3m1!5s0x47bf2536ff407c55:0xc3fc4b1a8e44f6fd!4m11!3m10!1s0x47bf2536f379f0e7:0x1d34f0cb2e586ede!5m2!4m1!1i2!8m2!3d50.9517398!4d6.903798!9m1!1b1!16s%2Fg%2F11fy4d2tl4?entry=ttu&g_ep=EgoyMDI2MDYyOS4wIKXMDSoASAFQAw%3D%3D",0x47bf2536f379f0e7:0x1d34f0cb2e586ede,v0.9,2026-07-05T07:31:56.627Z
Phatburgers,,,,,4.6,19,93,87,196,373,2469,21,50,21 bis 50 Bewertungen aufgrund von Beschwerden wegen Diffamierung entfernt,,,,operational,,,50.9494992,6.9164536,"https://www.google.com/maps/place/Phatburgers/@50.9494992,6.9164536,17z/data=!4m8!3m7!1s0x47bf253e8efb548f:0x4eab76de01671477!8m2!3d50.9494992!4d6.9164536!9m1!1b1!16s%2Fg%2F11gblfld64?entry=ttu&g_ep=EgoyMDI2MDYyOS4wIKXMDSoASAFQAw%3D%3D",0x47bf253e8efb548f:0x4eab76de01671477,v0.9,2026-07-05T07:14:01.088Z
"Dental Clinic Colonia, dentist Cologne Ehrenfeld",,,,,5,38,1,1,1,9,461,11,20,11 bis 20 Bewertungen aufgrund von Beschwerden wegen Diffamierung entfernt,,,,operational,,,50.950729,6.916256,"https://www.google.com/maps/place/Dental+Clinic+Colonia,+dentist+Cologne+Ehrenfeld/@50.950729,6.916256,17z/data=!4m8!3m7!1s0x47bf253ee5f50097:0x9eb58553e35cfc06!8m2!3d50.950729!4d6.916256!9m1!1b1!16s%2Fg%2F1tm0s8_l?entry=ttu&g_ep=EgoyMDI2MDYyOS4wIKXMDSoASAFQAw%3D%3D",0x47bf253ee5f50097:0x9eb58553e35cfc06,v0.9,2026-07-05T03:31:58.624Z
Miray Hairstyling,,,,,4.7,3,4,0,1,17,85,11,20,11 bis 20 Bewertungen aufgrund von Beschwerden wegen Diffamierung entfernt,,,,operational,,,50.9505053,6.9165023,"https://www.google.com/maps/place/Miray+Hairstyling/@50.9505053,6.9165023,17z/data=!4m8!3m7!1s0x47bf253ef247a6e7:0x2299ccce69591a76!8m2!3d50.9505053!4d6.9165023!9m1!1b1!16s%2Fg%2F1ptz11jsr?entry=ttu&g_ep=EgoyMDI2MDYyOS4wIKXMDSoASAFQAw%3D%3D",0x47bf253ef247a6e7:0x2299ccce69591a76,v0.9,2026-07-05T05:48:24.210Z
Bethlehem oriental kitchen,,,,,4.7,16,1,1,1,105,252,11,20,11 bis 20 Bewertungen aufgrund von Beschwerden wegen Diffamierung entfernt,,,,operational,,,50.9573693,6.9194492,"https://www.google.com/maps/place/Bethlehem+oriental+kitchen/@50.9573693,6.9194492,17z/data=!4m8!3m7!1s0x47bf2541a6aaa81f:0x8292f1fadbe65b3a!8m2!3d50.9573693!4d6.9194492!9m1!1b1!16s%2Fg%2F1tk66tyq?entry=ttu&g_ep=EgoyMDI2MDYyOS4wIKXMDSoASAFQAw%3D%3D",0x47bf2541a6aaa81f:0x8292f1fadbe65b3a,v0.9,2026-07-05T06:55:39.760Z
Nails91_beauty&more,,,,,4.2,6,16,15,8,16,121,51,100,51 bis 100 Bewertungen aufgrund von Beschwerden wegen Diffamierung entfernt,,,,operational,,,50.9275129,6.9574374,"https://www.google.com/maps/place/Nails91_beauty%26more/@50.9275129,6.9574374,17z/data=!4m8!3m7!1s0x47bf2543cb00a08b:0x8af1cd9d2a30ecfb!8m2!3d50.9275129!4d6.9574374!9m1!1b1!16s%2Fg%2F11rgbg314k?entry=ttu&g_ep=EgoyMDI2MDYyOS4wIKXMDSoASAFQAw%3D%3D",0x47bf2543cb00a08b:0x8af1cd9d2a30ecfb,v0.9,2026-07-05T05:58:32.674Z
Golden Lotus Koeln,,,,,4.2,2,6,4,5,18,50,51,100,51 bis 100 Bewertungen aufgrund von Beschwerden wegen Diffamierung entfernt,,,,operational,,,50.9596056,6.9047427,"https://www.google.com/maps/place/Golden+Lotus+Koeln/@50.9596056,6.9047427,17z/data=!4m8!3m7!1s0x47bf254936b01b9b:0x923c052a96335f79!8m2!3d50.9596056!4d6.9047427!9m1!1b1!16s%2Fg%2F11cr_hmdcl?entry=ttu&g_ep=EgoyMDI2MDYyOS4wIKXMDSoASAFQAw%3D%3D",0x47bf254936b01b9b:0x923c052a96335f79,v0.9,2026-07-05T07:00:10.582Z
Friseur Men's World - Köln,,,,,4.8,2,1,1,0,13,92,11,20,11 bis 20 Bewertungen aufgrund von Beschwerden wegen Diffamierung entfernt,,,,operational,,,50.9491691,6.9180237,"https://www.google.com/maps/place/Friseur+Men's+World+-+K%C3%B6ln/@50.9491691,6.9180237,17z/data=!4m8!3m7!1s0x47bf2550e85cc785:0xfd5f4b26ad65f096!8m2!3d50.9491691!4d6.9180237!9m1!1b1!16s%2Fg%2F11g0vzzcy4?entry=ttu&g_ep=EgoyMDI2MDYyOS4wIKXMDSoASAFQAw%3D%3D",0x47bf2550e85cc785:0xfd5f4b26ad65f096,v0.9,2026-07-05T05:28:53.076Z
Tierarztpraxis Engels,,,,,4.7,4,18,6,7,35,354,11,20,11 bis 20 Bewertungen aufgrund von Beschwerden wegen Diffamierung entfernt,,,,operational,,,50.955698,6.9226532,"https://www.google.com/maps/place/Tierarztpraxis+Engels/@50.955698,6.9226532,17z/data=!4m8!3m7!1s0x47bf256a853c2c0f:0xf8139a646382da05!8m2!3d50.955698!4d6.9226532!9m1!1b1!16s%2Fg%2F1vgw_wry?entry=ttu&g_ep=EgoyMDI2MDYyOS4wIKXMDSoASAFQAw%3D%3D",0x47bf256a853c2c0f:0xf8139a646382da05,v0.9,2026-07-05T04:33:07.809Z
AllDent Zahnzentrum Köln,,,,,4.9,31,43,6,0,48,1756,51,100,51 bis 100 Bewertungen aufgrund von Beschwerden wegen Diffamierung entfernt,,,,operational,,,50.9355762,6.9468118,"https://www.google.com/maps/place/AllDent+Zahnzentrum+K%C3%B6ln/@50.9355762,6.9468118,17z/data=!4m8!3m7!1s0x47bf25705ba9f205:0x9eb5acc09ee5521a!8m2!3d50.9355762!4d6.9468118!9m1!1b1!16s%2Fg%2F11sjzwht7k?entry=ttu&g_ep=EgoyMDI2MDYyOS4wIKXMDSoASAFQAw%3D%3D",0x47bf25705ba9f205:0x9eb5acc09ee5521a,v0.9,2026-07-05T03:52:06.996Z
Haus Schnackertz,,,,,4.8,4,0,0,3,124,416,21,50,21 bis 50 Bewertungen aufgrund von Beschwerden wegen Diffamierung entfernt,,,,operational,,,50.9643172,6.9561485,"https://www.google.com/maps/place/Haus+Schnackertz/@50.9643172,6.9561485,17z/data=!4m8!3m7!1s0x47bf25837a9e8173:0xfe5ac841d2f18083!8m2!3d50.9643172!4d6.9561485!9m1!1b1!16s%2Fg%2F1tfk_b7t?entry=ttu&g_ep=EgoyMDI2MDYyOS4wIKXMDSoASAFQAw%3D%3D",0x47bf25837a9e8173:0xfe5ac841d2f18083,v0.9,2026-07-05T06:35:28.262Z
San Calogero,,,,,4.6,10,4,1,37,118,349,21,50,21 bis 50 Bewertungen aufgrund von Beschwerden wegen Diffamierung entfernt,,,,operational,,,50.9554648,6.9638083,"https://www.google.com/maps/place/San+Calogero/@50.9554648,6.9638083,17z/data=!4m8!3m7!1s0x47bf25973c47dfe9:0xe73a0d3646c76124!8m2!3d50.9554648!4d6.9638083!9m1!1b1!16s%2Fg%2F1ttdxl10?entry=ttu&g_ep=EgoyMDI2MDYyOS4wIKXMDSoASAFQAw%3D%3D",0x47bf25973c47dfe9:0xe73a0d3646c76124,v0.9,2026-07-05T06:45:33.693Z
DensArt Dr.med.dent. Tekin Demir & Yasemin Dag,,,,,4.8,10,3,0,1,3,75,11,20,11 bis 20 Bewertungen aufgrund von Beschwerden wegen Diffamierung entfernt,,,,operational,,,50.9620696,6.954585,"https://www.google.com/maps/place/DensArt+Dr.med.dent.+Tekin+Demir+%26+Yasemin+Dag/@50.9620696,6.954585,17z/data=!4m8!3m7!1s0x47bf259ccb0c16f1:0xd61683fe545db79b!8m2!3d50.9620696!4d6.954585!9m1!1b1!16s%2Fg%2F1tz70jp2?entry=ttu&g_ep=EgoyMDI2MDYyOS4wIKXMDSoASAFQAw%3D%3D",0x47bf259ccb0c16f1:0xd61683fe545db79b,v0.9,2026-07-05T03:36:16.859Z
Hotel Garni Emir,,,,,3.4,264,32,43,53,58,78,21,50,21 bis 50 Bewertungen aufgrund von Beschwerden wegen Diffamierung entfernt,,,,operational,,,50.9493092,6.9538916,"https://www.google.com/maps/place/Hotel+Garni+Emir/@50.9493092,6.9538916,17z/data=!4m11!3m10!1s0x47bf25a22d893d4f:0xcd1e22250d3fcb77!5m2!4m1!1i2!8m2!3d50.9493092!4d6.9538916!9m1!1b1!16s%2Fg%2F11b73hh11k?entry=ttu&g_ep=EgoyMDI2MDYyOS4wIKXMDSoASAFQAw%3D%3D",0x47bf25a22d893d4f:0xcd1e22250d3fcb77,v0.9,2026-07-05T07:31:18.841Z
Classic Hotel Harmonie,,,,,4.3,1106,13,11,165,407,510,250,,Über 250 Bewertungen aufgrund von Beschwerden wegen Diffamierung entfernt,,,,operational,,,50.9452736,6.9544187,"https://www.google.com/maps/place/Classic+Hotel+Harmonie/@50.9452736,6.9544187,17z/data=!4m11!3m10!1s0x47bf25a46107e7bd:0x1ca9e94880b1fc3d!5m2!4m1!1i2!8m2!3d50.9452736!4d6.9544187!9m1!1b1!16s%2Fg%2F1tfpnv7p?entry=ttu&g_ep=EgoyMDI2MDYyOS4wIKXMDSoASAFQAw%3D%3D",0x47bf25a46107e7bd:0x1ca9e94880b1fc3d,v0.9,2026-07-05T07:40:38.615Z
Peking am Dom | Chinesisches Restaurant Köln | 北京 酒樓,,,,,4.5,25,17,11,11,128,296,51,100,51 bis 100 Bewertungen aufgrund von Beschwerden wegen Diffamierung entfernt,,,,operational,,,50.941999,6.95637,"https://www.google.com/maps/place/Peking+am+Dom+%7C+Chinesisches+Restaurant+K%C3%B6ln+%7C+%E5%8C%97%E4%BA%AC+%E9%85%92%E6%A8%93/@50.941999,6.95637,17z/data=!3m1!5s0x47bf25a568481379:0xb64ff6dfdff836c6!4m8!3m7!1s0x47bf25a5681e9f77:0x2a7e3202172b6851!8m2!3d50.941999!4d6.95637!9m1!1b1!16s%2Fg%2F1td5f7m0?entry=ttu&g_ep=EgoyMDI2MDYyOS4wIKXMDSoASAFQAw%3D%3D",0x47bf25a5681e9f77:0x2a7e3202172b6851,v0.9,2026-07-05T06:43:22.988Z
Kuchi Mami,,,,,4.8,295,4,2,4,373,1376,51,100,51 bis 100 Bewertungen aufgrund von Beschwerden wegen Diffamierung entfernt,,,,operational,,,50.9414024,6.9540082,"https://www.google.com/maps/place/Kuchi+Mami/@50.9414024,6.9540082,17z/data=!4m8!3m7!1s0x47bf25a5810807d7:0x7c57b40dbcb7a5fb!8m2!3d50.9414024!4d6.9540082!9m1!1b1!16s%2Fg%2F11dzwckmp5?entry=ttu&g_ep=EgoyMDI2MDYyOS4wIKXMDSoASAFQAw%3D%3D",0x47bf25a5810807d7:0x7c57b40dbcb7a5fb,v0.9,2026-07-05T06:54:50.342Z
Restaurant Great Wall köln,,,,,4.7,7,8,5,14,261,797,101,150,101 bis 150 Bewertungen aufgrund von Beschwerden wegen Diffamierung entfernt,,,,operational,,,50.9414605,6.9544866,"https://www.google.com/maps/place/Restaurant+Great+Wall+k%C3%B6ln/@50.9414605,6.9544866,17z/data=!4m8!3m7!1s0x47bf25a581c89753:0x31535fe43d311fa5!8m2!3d50.9414605!4d6.9544866!9m1!1b1!16s%2Fg%2F1w9y075p?entry=ttu&g_ep=EgoyMDI2MDYyOS4wIKXMDSoASAFQAw%3D%3D",0x47bf25a581c89753:0x31535fe43d311fa5,v0.9,2026-07-05T06:54:12.047Z
Frankie's Churros,,,,,4.7,24,6,7,9,189,555,151,200,151 bis 200 Bewertungen aufgrund von Beschwerden wegen Diffamierung entfernt,,,,operational,,,50.9389041,6.956244,"https://www.google.com/maps/place/Frankie's+Churros/@50.9389041,6.956244,17z/data=!4m8!3m7!1s0x47bf25a9c6f182cf:0x38b869df6203231e!8m2!3d50.9389041!4d6.956244!9m1!1b1!16s%2Fg%2F11c0psvn_r?entry=ttu&g_ep=EgoyMDI2MDYyOS4wIKXMDSoASAFQAw%3D%3D",0x47bf25a9c6f182cf:0x38b869df6203231e,v0.9,2026-07-05T07:14:48.951Z
City Kebap Haus,,,,,4.6,145,5,8,86,195,708,21,50,21 bis 50 Bewertungen aufgrund von Beschwerden wegen Diffamierung entfernt,,,,operational,,,50.9360677,6.9457926,"https://www.google.com/maps/place/City+Kebap+Haus/@50.9360677,6.9457926,17z/data=!3m1!5s0x47bf25aa261130af:0x46102e35b3e9576c!4m8!3m7!1s0x47bf25aa25778333:0x61faa0718b0fce96!8m2!3d50.9360677!4d6.9457926!9m1!1b1!16s%2Fg%2F11g9qkq7wp?entry=ttu&g_ep=EgoyMDI2MDYyOS4wIKXMDSoASAFQAw%3D%3D",0x47bf25aa25778333:0x61faa0718b0fce96,v0.9,2026-07-05T07:03:33.792Z
Rangoli Köln,,,,,4.3,2,11,6,102,163,376,101,150,101 bis 150 Bewertungen aufgrund von Beschwerden wegen Diffamierung entfernt,,,,operational,,,50.9372167,6.9536889,"https://www.google.com/maps/place/Rangoli+K%C3%B6ln/@50.9372167,6.9536889,17z/data=!3m1!5s0x47bf25aea4a97ceb:0x1fe2c2b0bf509c60!4m8!3m7!1s0x47bf25af13e36f29:0x9962b7aacf8dfe83!8m2!3d50.9372167!4d6.9536889!9m1!1b1!16s%2Fg%2F1vh_7j1q?entry=ttu&g_ep=EgoyMDI2MDYyOS4wIKXMDSoASAFQAw%3D%3D",0x47bf25af13e36f29:0x9962b7aacf8dfe83,v0.9,2026-07-05T06:55:20.037Z
Callas Hotel am Dom Köln,,,,,4.4,14,3,2,5,126,112,51,100,51 bis 100 Bewertungen aufgrund von Beschwerden wegen Diffamierung entfernt,,,,operational,,,50.9398731,6.9561582,"https://www.google.com/maps/place/Callas+Hotel+am+Dom+K%C3%B6ln/@50.9398731,6.9561582,17z/data=!4m8!3m7!1s0x47bf25afe9ef930d:0x16975542e8735404!8m2!3d50.9398731!4d6.9561582!9m1!1b1!16s%2Fg%2F1vxfz93j?entry=ttu&g_ep=EgoyMDI2MDYyOS4wIKXMDSoASAFQAw%3D%3D",0x47bf25afe9ef930d:0x16975542e8735404,v0.9,2026-07-05T07:46:13.639Z
Buon Appetito,,,,,4.3,57,20,10,23,32,169,21,50,21 bis 50 Bewertungen aufgrund von Beschwerden wegen Diffamierung entfernt,,,,operational,,,50.938849,6.9597404,"https://www.google.com/maps/place/Buon+Appetito/@50.938849,6.9597404,17z/data=!4m8!3m7!1s0x47bf25b044be2c77:0x555ed5663954f5fa!8m2!3d50.938849!4d6.9597404!9m1!1b1!16s%2Fg%2F11h6ngf386?entry=ttu&g_ep=EgoyMDI2MDYyOS4wIKXMDSoASAFQAw%3D%3D",0x47bf25b044be2c77:0x555ed5663954f5fa,v0.9,2026-07-05T07:15:45.741Z
RheinZeit,,,,,4.5,41,40,15,84,690,1417,250,,Über 250 Bewertungen aufgrund von Beschwerden wegen Diffamierung entfernt,,,,operational,,,50.9397177,6.9617041,"https://www.google.com/maps/place/RheinZeit/@50.9397177,6.9617041,17z/data=!4m8!3m7!1s0x47bf25b0924c2ed7:0x7f34eba1ee525d33!8m2!3d50.9397177!4d6.9617041!9m1!1b1!16s%2Fg%2F1tfzwmp2?entry=ttu&g_ep=EgoyMDI2MDYyOS4wIKXMDSoASAFQAw%3D%3D",0x47bf25b0924c2ed7:0x7f34eba1ee525d33,v0.9,2026-07-05T06:58:10.785Z
Pommes Imperium,,,,,4.8,109,0,0,2,93,340,51,100,51 bis 100 Bewertungen aufgrund von Beschwerden wegen Diffamierung entfernt,,,,operational,,,50.9366909,6.9601137,"https://www.google.com/maps/place/Pommes+Imperium/@50.9366909,6.9601137,17z/data=!3m1!5s0x47bf25b19d7f08ed:0x556a97e5b991dd24!4m8!3m7!1s0x47bf25b1742925f1:0xb68a76ddc84ee4ed!8m2!3d50.9366909!4d6.9601137!9m1!1b1!16s%2Fg%2F11bw7jdqds?entry=ttu&g_ep=EgoyMDI2MDYyOS4wIKXMDSoASAFQAw%3D%3D",0x47bf25b1742925f1:0xb68a76ddc84ee4ed,v0.9,2026-07-05T07:15:26.794Z
Kebap Time,,,,,4.3,10,34,12,106,173,455,151,200,151 bis 200 Bewertungen aufgrund von Beschwerden wegen Diffamierung entfernt,,,,operational,,,50.9367635,6.960141,"https://www.google.com/maps/place/Kebap+Time/@50.9367635,6.960141,17z/data=!4m8!3m7!1s0x47bf25b175846e9f:0xfe9ed7356c65d80b!8m2!3d50.9367635!4d6.960141!9m1!1b1!16s%2Fg%2F1tm681k1?entry=ttu&g_ep=EgoyMDI2MDYyOS4wIKXMDSoASAFQAw%3D%3D",0x47bf25b175846e9f:0xfe9ed7356c65d80b,v0.9,2026-07-05T07:15:36.216Z
J. Schiffers Haar Haarverlängerung Extensions Köln,,,,,4.6,8,10,1,1,12,110,11,20,11 bis 20 Bewertungen aufgrund von Beschwerden wegen Diffamierung entfernt,,,,operational,,,50.9361318,6.9597011,"https://www.google.com/maps/place/J.+Schiffers+Haar+Haarverl%C3%A4ngerung+Extensions+K%C3%B6ln/@50.9361318,6.9597011,17z/data=!4m8!3m7!1s0x47bf25b1822f4c71:0xe87cfe573cb3b9bb!8m2!3d50.9361318!4d6.9597011!9m1!1b1!16s%2Fg%2F1th6czr8?entry=ttu&g_ep=EgoyMDI2MDYyOS4wIKXMDSoASAFQAw%3D%3D",0x47bf25b1822f4c71:0xe87cfe573cb3b9bb,v0.9,2026-07-05T05:25:05.845Z
Institute for hair removal Epimedic,,,,,4.8,3,2,3,0,11,111,11,20,11 bis 20 Bewertungen aufgrund von Beschwerden wegen Diffamierung entfernt,,,,operational,,,50.938078,6.9580461,"https://www.google.com/maps/place/Institute+for+hair+removal+Epimedic/@50.938078,6.9580461,17z/data=!4m8!3m7!1s0x47bf25b1da180d9f:0x645d0e594b79db49!8m2!3d50.938078!4d6.9580461!9m1!1b1!16s%2Fg%2F1tnjhqc4?entry=ttu&g_ep=EgoyMDI2MDYyOS4wIKXMDSoASAFQAw%3D%3D",0x47bf25b1da180d9f:0x645d0e594b79db49,v0.9,2026-07-05T05:52:30.480Z
Imaj VIP,,,,,4.8,2,0,0,0,17,78,11,20,11 bis 20 Bewertungen aufgrund von Beschwerden wegen Diffamierung entfernt,,,,operational,,,50.9566089,6.9037611,"https://www.google.com/maps/place/Imaj+VIP/@50.9566089,6.9037611,17z/data=!4m8!3m7!1s0x47bf25b6b6670b23:0x85b348633d36874!8m2!3d50.9566089!4d6.9037611!9m1!1b1!16s%2Fg%2F11g2wx2jtf?entry=ttu&g_ep=EgoyMDI2MDYyOS4wIKXMDSoASAFQAw%3D%3D",0x47bf25b6b6670b23:0x85b348633d36874,v0.9,2026-07-05T05:33:07.735Z
Stickel Restaurant,,,,,4.8,6,0,1,9,17,131,11,20,11 bis 20 Bewertungen aufgrund von Beschwerden wegen Diffamierung entfernt,,,,operational,,,50.956022,6.917368,"https://www.google.com/maps/place/Stickel+Restaurant/@50.956022,6.917368,17z/data=!4m8!3m7!1s0x47bf25b8c2aeebe1:0x2775849aaebcba7f!8m2!3d50.956022!4d6.917368!9m1!1b1!16s%2Fg%2F11rz2s2221?entry=ttu&g_ep=EgoyMDI2MDYyOS4wIKXMDSoASAFQAw%3D%3D",0x47bf25b8c2aeebe1:0x2775849aaebcba7f,v0.9,2026-07-05T06:37:59.049Z
Han Tengri Uyghur Restaurant,,,,,4.9,52,15,20,67,208,3340,101,150,101 bis 150 Bewertungen aufgrund von Beschwerden wegen Diffamierung entfernt,,,,operational,,,50.9358319,6.9592456,"https://www.google.com/maps/place/Han+Tengri+Uyghur+Restaurant/@50.9358319,6.9592456,17z/data=!4m8!3m7!1s0x47bf25b9741236a9:0x13a513630524378!8m2!3d50.9358319!4d6.9592456!9m1!1b1!16s%2Fg%2F11xl970l20?entry=ttu&g_ep=EgoyMDI2MDYyOS4wIKXMDSoASAFQAw%3D%3D",0x47bf25b9741236a9:0x13a513630524378,v0.9,2026-07-05T06:51:34.945Z
Trattoria l’Ancora,,,,,4.9,2,4,2,0,35,360,51,100,51 bis 100 Bewertungen aufgrund von Beschwerden wegen Diffamierung entfernt,,,,operational,,,50.936119,6.9601031,"https://www.google.com/maps/place/Trattoria+l%E2%80%99Ancora/@50.936119,6.9601031,17z/data=!4m8!3m7!1s0x47bf25bf299184f3:0xab90124bf3fa54e9!8m2!3d50.936119!4d6.9601031!9m1!1b1!16s%2Fg%2F11xd4yx_36?entry=ttu&g_ep=EgoyMDI2MDYyOS4wIKXMDSoASAFQAw%3D%3D",0x47bf25bf299184f3:0xab90124bf3fa54e9,v0.9,2026-07-05T06:52:03.237Z
Mongo's Restaurant Köln - Deutz,,,,,4.6,331,2,9,356,833,2427,250,,Über 250 Bewertungen aufgrund von Beschwerden wegen Diffamierung entfernt,,,,operational,,,50.9402427,6.9722614,"https://www.google.com/maps/place/Mongo's+Restaurant+K%C3%B6ln+-+Deutz/@50.9402427,6.9722614,17z/data=!3m1!5s0x47bf25c7fdfb94e3:0x57a978be28d0b22b!4m8!3m7!1s0x47bf25c7d71b35d1:0x9e0f8b7ef6c5e301!8m2!3d50.9402427!4d6.9722614!9m1!1b1!16s%2Fg%2F1tf8s72b?entry=ttu&g_ep=EgoyMDI2MDYyOS4wIKXMDSoASAFQAw%3D%3D",0x47bf25c7d71b35d1:0x9e0f8b7ef6c5e301,v0.9,2026-07-05T06:42:01.482Z
Zippiri Weinbar,,,,,4.8,6,1,5,18,53,364,11,20,11 bis 20 Bewertungen aufgrund von Beschwerden wegen Diffamierung entfernt,,,,operational,,,50.9364878,6.9182261,"https://www.google.com/maps/place/Zippiri+Weinbar/@50.9364878,6.9182261,17z/data=!4m8!3m7!1s0x47bf25d3df2792cd:0x2d0530eb3df55159!8m2!3d50.9364878!4d6.9182261!9m1!1b1!16s%2Fg%2F11g_wrqw1s?entry=ttu&g_ep=EgoyMDI2MDYyOS4wIKXMDSoASAFQAw%3D%3D",0x47bf25d3df2792cd:0x2d0530eb3df55159,v0.9,2026-07-05T06:46:12.009Z
Hotel Heinzelmännchen,,,,,4.1,233,3,3,52,76,99,11,20,11 bis 20 Bewertungen aufgrund von Beschwerden wegen Diffamierung entfernt,,,,operational,,,50.9330019,6.9560829,"https://www.google.com/maps/place/Hotel+Heinzelm%C3%A4nnchen/@50.9330019,6.9560829,17z/data=!4m11!3m10!1s0x47bf25e22e2f4649:0xe7e57967355353f4!5m2!4m1!1i2!8m2!3d50.9330019!4d6.9560829!9m1!1b1!16s%2Fg%2F11shpfy80b?entry=ttu&g_ep=EgoyMDI2MDYyOS4wIKXMDSoASAFQAw%3D%3D",0x47bf25e22e2f4649:0xe7e57967355353f4,v0.9,2026-07-05T07:45:44.525Z
Iron&Soul Köln,,,,,4.9,29,3,4,17,29,761,21,50,21 bis 50 Bewertungen aufgrund von Beschwerden wegen Diffamierung entfernt,,,,operational,,,50.9185101,6.9392748,"https://www.google.com/maps/place/Iron%26Soul+K%C3%B6ln/@50.9185101,6.9392748,17z/data=!4m8!3m7!1s0x47bf25f2a491f7cd:0x626ae47effafc702!8m2!3d50.9185101!4d6.9392748!9m1!1b1!16s%2Fg%2F11wg8brq_1?entry=ttu&g_ep=EgoyMDI2MDYyOS4wIKXMDSoASAFQAw%3D%3D",0x47bf25f2a491f7cd:0x626ae47effafc702,v0.9,2026-07-05T06:27:27.625Z
OPEL STELLANTIS &YOU KÖLN MÜLHEIM,,,,,4.4,9,46,17,35,93,443,11,20,11 bis 20 Bewertungen aufgrund von Beschwerden wegen Diffamierung entfernt,,,,operational,,,50.9538476,7.0127893,"https://www.google.com/maps/place/OPEL+STELLANTIS+%26YOU+K%C3%96LN+M%C3%9CLHEIM/@50.9538476,7.0127893,17z/data=!4m8!3m7!1s0x47bf260dfedee569:0xa6746e5005142a53!8m2!3d50.9538476!4d7.0127893!9m1!1b1!16s%2Fg%2F1tgq5sfg?entry=ttu&g_ep=EgoyMDI2MDYyOS4wIKXMDSoASAFQAw%3D%3D",0x47bf260dfedee569:0xa6746e5005142a53,v0.9,2026-07-05T05:13:52.025Z
Veterinary practice Dr. Görzen,,,,,4.9,10,1,0,0,25,236,21,50,21 bis 50 Bewertungen aufgrund von Beschwerden wegen Diffamierung entfernt,,,,operational,,,50.9291577,7.0394868,"https://www.google.com/maps/place/Veterinary+practice+Dr.+G%C3%B6rzen/@50.9291577,7.0394868,17z/data=!4m8!3m7!1s0x47bf2656911a0491:0x94e24f61a9ec6238!8m2!3d50.9291577!4d7.0394868!9m1!1b1!16s%2Fg%2F1xn_mjg5?entry=ttu&g_ep=EgoyMDI2MDYyOS4wIKXMDSoASAFQAw%3D%3D",0x47bf2656911a0491:0x94e24f61a9ec6238,v0.9,2026-07-05T04:30:44.955Z
Auto MH,,,,,4.8,2,3,0,0,3,67,11,20,11 bis 20 Bewertungen aufgrund von Beschwerden wegen Diffamierung entfernt,,,,operational,,,50.9114,6.9994683,"https://www.google.com/maps/place/Auto+MH/@50.9114,6.9994683,17z/data=!3m1!5s0x47bf2699743be1d3:0xe3a41e079125207c!4m8!3m7!1s0x47bf269974294989:0x8d468b44fbd93064!8m2!3d50.9114!4d6.9994683!9m1!1b1!16s%2Fg%2F11fzb0f208?entry=ttu&g_ep=EgoyMDI2MDYyOS4wIKXMDSoASAFQAw%3D%3D",0x47bf269974294989:0x8d468b44fbd93064,v0.9,2026-07-05T05:20:20.103Z
Shaped - The fitness center for woman,,,,,4.8,8,8,1,2,12,208,11,20,11 bis 20 Bewertungen aufgrund von Beschwerden wegen Diffamierung entfernt,,,,operational,,,50.9877566,7.0871505,"https://www.google.com/maps/place/Shaped+-+The+fitness+center+for+woman/@50.9877566,7.0871505,17z/data=!4m8!3m7!1s0x47bf2840664696f5:0xdc4c8a049b229a54!8m2!3d50.9877566!4d7.0871505!9m1!1b1!16s%2Fg%2F11gdkpk9fj?entry=ttu&g_ep=EgoyMDI2MDYyOS4wIKXMDSoASAFQAw%3D%3D",0x47bf2840664696f5:0xdc4c8a049b229a54,v0.9,2026-07-05T06:22:23.245Z
Alte Post Dellbrück,,,,,4.8,2,1,1,0,117,414,51,100,51 bis 100 Bewertungen aufgrund von Beschwerden wegen Diffamierung entfernt,,,,operational,,,50.981422,7.078862,"https://www.google.com/maps/place/Alte+Post+Dellbr%C3%BCck/@50.981422,7.078862,17z/data=!4m8!3m7!1s0x47bf286948bf844b:0xfb2a45ceff2f9902!8m2!3d50.981422!4d7.078862!9m1!1b1!16s%2Fg%2F1tj95kcn?entry=ttu&g_ep=EgoyMDI2MDYyOS4wIKXMDSoASAFQAw%3D%3D",0x47bf286948bf844b:0xfb2a45ceff2f9902,v0.9,2026-07-05T06:55:51.193Z
Blum Immobilien GmbH,,,,,4.8,5,6,1,0,9,172,11,20,11 bis 20 Bewertungen aufgrund von Beschwerden wegen Diffamierung entfernt,,,,operational,,,50.969443,7.0560686,"https://www.google.com/maps/place/Blum+Immobilien+GmbH/@50.969443,7.0560686,17z/data=!3m1!5s0x47bf28808be0aec7:0xbc33fb66dd154589!4m8!3m7!1s0x47bf2880f36d5453:0x5f146086a2c1a716!8m2!3d50.969443!4d7.0560686!9m1!1b1!16s%2Fg%2F1tkbxc5d?entry=ttu&g_ep=EgoyMDI2MDYyOS4wIKXMDSoASAFQAw%3D%3D",0x47bf2880f36d5453:0x5f146086a2c1a716,v0.9,2026-07-05T05:04:42.341Z
Ebtisama Zahnarztpraxis in Köln-Holweide,,,,,4.7,2,4,0,0,1,50,11,20,11 bis 20 Bewertungen aufgrund von Beschwerden wegen Diffamierung entfernt,,,,operational,,,50.9698709,7.0387591,"https://www.google.com/maps/place/Ebtisama+Zahnarztpraxis+in+K%C3%B6ln-Holweide/@50.9698709,7.0387591,17z/data=!4m8!3m7!1s0x47bf289dce54a19d:0x92fc2a61d72003bc!8m2!3d50.9698709!4d7.0387591!9m1!1b1!16s%2Fg%2F1tfxx4rm?entry=ttu&g_ep=EgoyMDI2MDYyOS4wIKXMDSoASAFQAw%3D%3D",0x47bf289dce54a19d:0x92fc2a61d72003bc,v0.9,2026-07-05T03:36:54.595Z
R&S Mobile GmbH & CO. KG - FordStore Köln,,,,,4.6,23,65,26,57,171,1127,101,150,101 bis 150 Bewertungen aufgrund von Beschwerden wegen Diffamierung entfernt,,,,operational,,,51.0321712,6.9206009,"https://www.google.com/maps/place/R%26S+Mobile+GmbH+%26+CO.+KG+-+FordStore+K%C3%B6ln/@51.0321712,6.9206009,17z/data=!4m8!3m7!1s0x47bf2e26b331d90b:0x3915b6e0eca9040d!8m2!3d51.0321712!4d6.9206009!9m1!1b1!16s%2Fg%2F1thw18x4?entry=ttu&g_ep=EgoyMDI2MDYyOS4wIKXMDSoASAFQAw%3D%3D",0x47bf2e26b331d90b:0x3915b6e0eca9040d,v0.9,2026-07-05T05:16:13.530Z
Fliegerhütte by FloGourmet,,,,,4.8,7,1,0,0,41,171,11,20,11 bis 20 Bewertungen aufgrund von Beschwerden wegen Diffamierung entfernt,,,,operational,,,51.0167964,7.0067878,"https://www.google.com/maps/place/Fliegerh%C3%BCtte+by+FloGourmet/@51.0167964,7.0067878,17z/data=!3m1!5s0x47bf2ed12b8fe0a7:0x31cca64678125b5b!4m8!3m7!1s0x47bf2f186abe7ca9:0xe454868cbe8b6b89!8m2!3d51.0167964!4d7.0067878!9m1!1b1!16s%2Fg%2F11y2w8yk08?entry=ttu&g_ep=EgoyMDI2MDYyOS4wIKXMDSoASAFQAw%3D%3D",0x47bf2f186abe7ca9:0xe454868cbe8b6b89,v0.9,2026-07-05T06:52:57.699Z
Hotel BÜRGERHOF,,,,,4.4,273,4,4,28,83,154,11,20,11 bis 20 Bewertungen aufgrund von Beschwerden wegen Diffamierung entfernt,,,,operational,,,50.9900398,6.9616643,"https://www.google.com/maps/place/Hotel+B%C3%9CRGERHOF/@50.9900398,6.9616643,17z/data=!4m11!3m10!1s0x47bf2f745d748595:0xa9c4353f14872729!5m2!4m1!1i2!8m2!3d50.9900398!4d6.9616643!9m1!1b1!16s%2Fg%2F11b73l5pxy?entry=ttu&g_ep=EgoyMDI2MDYyOS4wIKXMDSoASAFQAw%3D%3D",0x47bf2f745d748595:0xa9c4353f14872729,v0.9,2026-07-05T07:41:16.587Z
Zur alten Zollgrenze,,,,,4.7,24,2,1,1,133,358,51,100,51 bis 100 Bewertungen aufgrund von Beschwerden wegen Diffamierung entfernt,,,,operational,,,50.979745,6.9480666,"https://www.google.com/maps/place/Zur+alten+Zollgrenze/@50.979745,6.9480666,17z/data=!4m8!3m7!1s0x47bf2f838c137393:0xfdf4749d863030a1!8m2!3d50.979745!4d6.9480666!9m1!1b1!16s%2Fg%2F1tr16q6v?entry=ttu&g_ep=EgoyMDI2MDYyOS4wIKXMDSoASAFQAw%3D%3D",0x47bf2f838c137393:0xfdf4749d863030a1,v0.9,2026-07-05T06:40:36.246Z
Pizza & Grill Haus,,,,,4.5,21,8,1,25,45,190,21,50,21 bis 50 Bewertungen aufgrund von Beschwerden wegen Diffamierung entfernt,,,,operational,,,50.9957223,6.9140093,"https://www.google.com/maps/place/Pizza+%26+Grill+Haus/@50.9957223,6.9140093,17z/data=!4m8!3m7!1s0x47bf2fe761497011:0x6bd621697b93d531!8m2!3d50.9957223!4d6.9140093!9m1!1b1!16s%2Fg%2F1tcv5fyq?entry=ttu&g_ep=EgoyMDI2MDYyOS4wIKXMDSoASAFQAw%3D%3D",0x47bf2fe761497011:0x6bd621697b93d531,v0.9,2026-07-05T07:22:12.534Z
Yemen Restaurant Köln,,,,,4.6,44,68,26,37,75,1016,51,100,51 bis 100 Bewertungen aufgrund von Beschwerden wegen Diffamierung entfernt,,,,operational,,,50.9899329,6.9613113,"https://www.google.com/maps/place/Yemen+Restaurant+K%C3%B6ln/@50.9899329,6.9613113,17z/data=!3m1!5s0x47bf2f745cac0fd5:0x1cb3155c79aeae15!4m8!3m7!1s0x47bf2feaecd82be7:0x270a976f6490248b!8m2!3d50.9899329!4d6.9613113!9m1!1b1!16s%2Fg%2F11xl9dyrfm?entry=ttu&g_ep=EgoyMDI2MDYyOS4wIKXMDSoASAFQAw%3D%3D",0x47bf2feaecd82be7:0x270a976f6490248b,v0.9,2026-07-05T06:52:46.250Z
Hotel Osteria Centovini,,,,,4.6,15,0,0,17,56,171,21,50,21 bis 50 Bewertungen aufgrund von Beschwerden wegen Diffamierung entfernt,,,,operational,,,50.941541,6.836792,"https://www.google.com/maps/place/Hotel+Osteria+Centovini/@50.941541,6.836792,17z/data=!4m11!3m10!1s0x47bf3a55b7cacbe7:0xeef2b12fef89285b!5m2!4m1!1i2!8m2!3d50.941541!4d6.836792!9m1!1b1!16s%2Fg%2F1tj95kf5?entry=ttu&g_ep=EgoyMDI2MDYyOS4wIKXMDSoASAFQAw%3D%3D",0x47bf3a55b7cacbe7:0xeef2b12fef89285b,v0.9,2026-07-05T07:31:07.410Z
,Car dealer,Wandsbek,22043,"Address: Holstenhofweg 55, 22043 Wandsbek",4.3,16,8,18,23,45,173,51,100,51 bis 100 Bewertungen aufgrund von Beschwerden wegen Diffamierung entfernt,http://www.autohaus-michael.de/,https://lh3.googleusercontent.com/gps-cs-s/APNQkAEd4Dyv9zP39u1qH9ms5HWDIudD2mDfgyWUDfZDiUSCDTeiLMdYIjXX4YGr7rLQ4ABrBdY7wpEv4VoAml40ELs6xe9JQwd7P6qVUyL5FrWxH7qbftaoboByRpOEd-tT7APUoyvo=w408-h300-k-no,,operational,,,,,https://www.google.com/maps/search/?api=1&query=Autohaus%20Michael%20Hamburg,https://www.google.com/maps/search/?api=1&query=Autohaus%20Michael%20Hamburg,v0.9,2026-07-04T12:23:04.678Z
,Add a label,München,80807,"Address: Freimanner Bahnhofstraße 4 Navi:, Frankfurter Ring 243, 80807 München",4.3,2344,45,35,289,845,1130,101,150,101 bis 150 Bewertungen aufgrund von Beschwerden wegen Diffamierung entfernt,https://www.hotel-bb.com/de/hotel/muenchen-city-nord?utm_source=gmb&utm_medium=referral&utm_content=muenchen&utm_campaign=yext,https://lh3.googleusercontent.com/gps-cs-s/APNQkAGjNI3_miE2qEHjrAX_e0IeN0X-b6KU0dFxQVc017bQdA8q44KKtnXzvdz7e_QOMnQINoJVJ9LD7k04l0Wlsr_F-_t7Z8p6ZIHHrrFApU1VwU-eEu3UyA8yEz8ASRZAGSPOeKIuXwaH_4kN=w408-h306-k-no,,operational,,,,,https://www.google.com/maps/search/?api=1&query=B%26B-Hotel%20M%C3%BCnchen%20Nord%20M%C3%BCnchen,https://www.google.com/maps/search/?api=1&query=B%26B-Hotel%20M%C3%BCnchen%20Nord%20M%C3%BCnchen,v0.9,2026-07-05T01:18:08.852Z
,Add a label,Ehrenfeld,50825,"Address: Vogelsanger Str. 282 B, 50825 Ehrenfeld",4.6,633,16,13,19,130,455,21,50,21 bis 50 Bewertungen aufgrund von Beschwerden wegen Diffamierung entfernt,http://www.blackcologne.de/,https://lh3.googleusercontent.com/gps-proxy/ALd4DhH_06zvBTkQX84kgZ4X7ghouX8X7MMiu1leky_gI_TImVad1kGoGMs2BtzGrscQvq1P5XKD4b27T2XOFfS8sZyv5E44MuwCwodkBBsXydlC5uJ46yp-DvFZ_BuWF_xq_2FzS3CwXwoxjVleZWX-wnfH6KaNTlfH4RiLz9K8CHLSZc6rpjmB5Trq=w408-h272-k-no,,operational,,,,,https://www.google.com/maps/search/?api=1&query=Black%20Hotels%20K%C3%B6ln,https://www.google.com/maps/search/?api=1&query=Black%20Hotels%20K%C3%B6ln,v0.9,2026-07-05T07:31:54.627Z
,Croatian restaurant,Hamburg,20539,"Address: Marckmannstraße 74, 20539 Hamburg",4.7,2,0,0,29,78,346,21,50,21 bis 50 Bewertungen aufgrund von Beschwerden wegen Diffamierung entfernt,https://www.blaueadria.com/,https://lh3.googleusercontent.com/gps-cs-s/APNQkAF_QcTrdjY3D9pm9eqcYXTmvuYEZet9NLG96AO-aOGyi-7OkoWHj-cetVgWqSa7BrqjXi-o44p2QzXGMOlihBcL4GwTj599pknF664t0mVcAGM2EAHv96dTmz68N2ezimfz8zU=w426-h240-k-no,1,operational,,,,,https://www.google.com/maps/search/?api=1&query=Blaue%20Adria%20Hamburg,https://www.google.com/maps/search/?api=1&query=Blaue%20Adria%20Hamburg,v0.9,2026-07-04T13:51:32.219Z
,Add a label,Köln,50668,"Address: Ursulapl. 13-19, 50668 Köln",4.3,1106,13,11,165,407,510,250,,Über 250 Bewertungen aufgrund von Beschwerden wegen Diffamierung entfernt,https://classic-hotel-harmonie.de/,https://lh3.googleusercontent.com/gps-cs-s/APNQkAHzGdVQ5YL69cJnG2sBbCOIhCjyPvLoavdBpMxfRywESB_jbDJTv5YX9BJfdoo7IlHR-GKvSNR4P_pS6gJk_Myijc2V17ltSf4uBTCdIly7sg8nAIUxQbs3mxGze6QqzqMhsIjSdA=w408-h300-k-no,,operational,,,,,https://www.google.com/maps/search/?api=1&query=Classic%20Hotel%20Harmonie%20K%C3%B6ln,https://www.google.com/maps/search/?api=1&query=Classic%20Hotel%20Harmonie%20K%C3%B6ln,v0.9,2026-07-05T07:40:36.613Z
,Property management company,Köln,50676,"Address: Große Telegraphenstraße 2, 50676 Köln",4.7,15,9,0,0,3,120,11,20,11 bis 20 Bewertungen aufgrund von Beschwerden wegen Diffamierung entfernt,http://www.dr-schmolke-immobilien.de/,https://lh3.googleusercontent.com/gps-cs-s/APNQkAEqf3DV_dXdwsLWY28lzaavNU7TM9Ck5O48vvhmBtlxaroXXcoQCU-eOR0EKV0c-pesq2zEmlS-u4MEJAKVl2r0IEEnd9tHphr-3H9bhALJ67OVbhgKrbFDv_ngBaBcg5yBi7Yd=w408-h248-k-no,,operational,,,,,https://www.google.com/maps/search/?api=1&query=DSI%20Schmolke%20Immobilien%20K%C3%B6ln,https://www.google.com/maps/search/?api=1&query=DSI%20Schmolke%20Immobilien%20K%C3%B6ln,v0.9,2026-07-05T04:58:53.101Z
,Add a label,Hamburg,20459,"Address: City Sporthafen, Vorsetzen, 20459 Hamburg",4.6,3709,10,13,260,1007,2419,151,200,151 bis 200 Bewertungen aufgrund von Beschwerden wegen Diffamierung entfernt,http://www.das-feuerschiff.de/,https://lh3.googleusercontent.com/gps-cs-s/APNQkAH4qxR6MEsjBYdowFxpt32EjZiB3WTmKfDZ0HEOnXGU2bonTHTP1uIut2aQ3p6IPs49d00dt0lZYmv2JKJTZoOeMWqpt7FSfOVG6nmF5tS3oghVjQ0G6geQ6P7cNqYt27FpC1oY=w408-h306-k-no,2,operational,,,,,https://www.google.com/maps/search/?api=1&query=Das%20Feuerschiff%20Hamburg,https://www.google.com/maps/search/?api=1&query=Das%20Feuerschiff%20Hamburg,v0.9,2026-07-04T14:01:10.134Z
,Add a label,München,80995,"Address: Auf den Schrederwiesen 27, 80995 München",4.4,1108,0,0,177,334,597,21,50,21 bis 50 Bewertungen aufgrund von Beschwerden wegen Diffamierung entfernt,https://hotelschreder.de/,https://lh3.googleusercontent.com/gps-cs-s/APNQkAEe13b1PIrpWaQa2X-MuD-FPtUhRoZ87eI2j7iEkUo1AoKNhDLnKITr9mR_4GhVUd_g-PHLDXsjtmyyvMWiuynAg838F_6eb44LnLUvPvvGU0H2w3inpmUCJCfcb4BRCmShQaXB0S5Vup2R=w408-h272-k-no,,operational,,,,,https://www.google.com/maps/search/?api=1&query=Das%20Schreder%20M%C3%BCnchen,https://www.google.com/maps/search/?api=1&query=Das%20Schreder%20M%C3%BCnchen,v0.9,2026-07-05T01:29:36.389Z
,Add a label,Hamburg-Nord,22453,"Address: Borsteler Chaussee 168, 22453 Hamburg-Nord",3.9,190,25,6,7,76,76,151,200,151 bis 200 Bewertungen aufgrund von Beschwerden wegen Diffamierung entfernt,http://entree-hotels.de/hotel-hamburg-gross-borstel/,https://lh3.googleusercontent.com/gps-cs-s/APNQkAGyyYdpjac2BDKpoOxDW9enh0x48FgTa1ZZr4g0kqws8Ei66Z_sauR72GBzFAmrb3KvIg0ncMOW8uoIQ87_uN4Pg491DgsA5ZnkhAYeFttyVUtBNxdUy6K6_G4lDlJ8ohSG9i41dQ=w408-h306-k-no,,operational,,,,,https://www.google.com/maps/search/?api=1&query=Entr%C3%A9e%20Gross%20Borstel%20Garni%20Hotel%20Hamburg,https://www.google.com/maps/search/?api=1&query=Entr%C3%A9e%20Gross%20Borstel%20Garni%20Hotel%20Hamburg,v0.9,2026-07-04T16:28:09.573Z
,Doner kebab restaurant,Eimsbüttel,22523,"Address: Elbgaustraße 104, 22523 Eimsbüttel",4.5,3,12,5,4,146,277,250,,Über 250 Bewertungen aufgrund von Beschwerden wegen Diffamierung entfernt,http://www.essbahn-doener.de/,https://lh3.googleusercontent.com/gps-cs-s/APNQkAH6BoExig3sKCniwNJidlrvFOvV3GmiWv0htPz063SnW0IXMhz3KRE-YSzlqkGI7Xcxya8wZanbm-lcTLTAW5vts5JFeq5bBq-W_odn4EIHAEOGl3cD0CeYzP5jTAY21VLrhRM=w408-h408-k-no,1,operational,,,,,https://www.google.com/maps/search/?api=1&query=Ess-Bahn%20D%C3%B6ner-Grill%20Hamburg,https://www.google.com/maps/search/?api=1&query=Ess-Bahn%20D%C3%B6ner-Grill%20Hamburg,v0.9,2026-07-04T14:26:35.903Z
,Pizza restaurant,Altona,22765,"Address: Gaußstraße 190, 22765 Altona",4.8,19,2,1,30,140,965,11,20,11 bis 20 Bewertungen aufgrund von Beschwerden wegen Diffamierung entfernt,http://www.farina.pizza/,https://lh3.googleusercontent.com/gps-cs-s/APNQkAGEMeJTTGr1TZKcAoR4XFOsIYqZp1l3BttP12z7qebQTVfUlt03ZTQDlW42eYH2BbTuNNBxEjJx4MtMpguTsSCQiTr055-9eRTDHcPGVQ9KQpgRAJr-Xavfi8H83ifDsF0uKK4=w408-h307-k-no,1,operational,,,,,https://www.google.com/maps/search/?api=1&query=Farina%20meets%20Mehl%20Hamburg,https://www.google.com/maps/search/?api=1&query=Farina%20meets%20Mehl%20Hamburg,v0.9,2026-07-04T14:12:33.756Z
,Restaurant,Leverkusen,51373,"Address: Kurtekottenweg 1, 51373 Leverkusen",4.8,7,1,0,0,41,171,11,20,11 bis 20 Bewertungen aufgrund von Beschwerden wegen Diffamierung entfernt,https://fliegerhuette.com/,https://lh3.googleusercontent.com/gps-cs-s/APNQkAGHVHt43vJISciRCOTEMY0_kvvyQFZSeSukPdE256aUfRRIY7SrvD4qcVE_diPB5xXLJx63NXojjV714lm2I9i3EFa9x-oz4_a4Qqt_m58bwkP9yfSPGgW2kQbjrJHo6r71MzY9=w408-h306-k-no,1,operational,,,,,https://www.google.com/maps/search/?api=1&query=Fliegerh%C3%BCtte%20K%C3%B6ln,https://www.google.com/maps/search/?api=1&query=Fliegerh%C3%BCtte%20K%C3%B6ln,v0.9,2026-07-05T06:52:55.701Z
,Add a label,München-Ludwigsvorstadt-Isarvorstadt,80469,"Address: Kohlstraße 9, 80469 München-Ludwigsvorstadt-Isarvorstadt",4.5,379,4,1,36,109,229,21,50,21 bis 50 Bewertungen aufgrund von Beschwerden wegen Diffamierung entfernt,http://www.hotel-admiral.de/,https://lh3.googleusercontent.com/gps-proxy/ALd4DhHUHrQ50C1osSf6SgBvu0HJvFxdkAQZ3gOhI_gz39QFbX_tp3PiRlnx7XXsXlauHesSutspV3Wxm1HUhuLyaHVUy_WjmdHQFgpWjiONvSiV-Z1tJoSXNmtOzm3G91NrQDBGBBvxJprmek5u4Qvqc0ebDHj6iz08MHawPhAvDnvhT-0u3r7auzHNag=w408-h408-k-no,,operational,,,,,https://www.google.com/maps/search/?api=1&query=Hotel%20Admiral%20M%C3%BCnchen%20M%C3%BCnchen,https://www.google.com/maps/search/?api=1&query=Hotel%20Admiral%20M%C3%BCnchen%20M%C3%BCnchen,v0.9,2026-07-05T01:29:17.435Z
,Add a label,Nippes,50735,"Address: Sebastianstraße 184-186, 50735 Nippes",4.4,273,4,4,28,83,154,11,20,11 bis 20 Bewertungen aufgrund von Beschwerden wegen Diffamierung entfernt,http://hotel-niehl.de/,https://lh3.googleusercontent.com/gps-cs-s/APNQkAGyN8sUOOwcJ4PdMSEeH7UpfCp1EglfQ1jfDBBk4JZLdJyGgyxkDEL5wu3VKnIvR8mZwWEVYrzk1kSIw2TuH8sYpGIvYmljAA_9PouZ23gmuxZyyGz2vvIDH7ocm0vNrCHctkMjUQ=w408-h316-k-no,,operational,,,,,https://www.google.com/maps/search/?api=1&query=Hotel%20B%C3%BCrgerhof%20K%C3%B6ln,https://www.google.com/maps/search/?api=1&query=Hotel%20B%C3%BCrgerhof%20K%C3%B6ln,v0.9,2026-07-05T07:41:14.585Z
,Hotel,Köln,50667,"Address: Hohe Str. 137, 50667 Köln",4.4,14,3,2,5,126,112,51,100,51 bis 100 Bewertungen aufgrund von Beschwerden wegen Diffamierung entfernt,http://www.callashotel.de/,https://lh3.googleusercontent.com/gps-cs-s/APNQkAGoC7dhFu9R-MaTiKJZwzJ6TvJ4HJ2NWBTLZpcWzPuWk0U9QUhxgE9kZEPdldHawaXXIg2rwBOaOHFGQ1Wvukt6xzEB--Zrmd_NbGx686ALgyBvolbRgUzkDfWXmNvmk5HTqlE=w408-h272-k-no,,operational,,,,,https://www.google.com/maps/search/?api=1&query=Hotel%20Callas%20am%20Dom%20K%C3%B6ln,https://www.google.com/maps/search/?api=1&query=Hotel%20Callas%20am%20Dom%20K%C3%B6ln,v0.9,2026-07-05T07:46:11.641Z
,Add a label,Bergedorf,21033,"Address: Bergedorfer Str. 41, 21033 Bergedorf",4.3,92,7,1,3,30,51,51,100,51 bis 100 Bewertungen aufgrund von Beschwerden wegen Diffamierung entfernt,http://hotelhanseathamburg.de/,https://lh3.googleusercontent.com/gps-cs-s/APNQkAHLXdZOHv7y_7G4raNOtUiZudkF8guOed3U5I4_Ql7P9aPYrs_tEXcPNf8IpcqzHhbIyKfMw2ST_2k4aUX8G7Eavjd2KpZxC3Ro8DCu3ECq_e7zujS8kg5lA5PikoRTelX4rKIXzw=w493-h240-k-no,,operational,,,,,https://www.google.com/maps/search/?api=1&query=Hotel%20Hanseat%20Hamburg,https://www.google.com/maps/search/?api=1&query=Hotel%20Hanseat%20Hamburg,v0.9,2026-07-04T16:19:20.352Z
,Add a label,Lindenthal,50931,"Address: Dürener Str. 235, 50931 Lindenthal",4.5,437,16,5,5,142,269,151,200,151 bis 200 Bewertungen aufgrund von Beschwerden wegen Diffamierung entfernt,http://www.hotelhausschwan.de/,https://lh3.googleusercontent.com/gps-cs-s/APNQkAGBgySPEG-i0MosCvduQdQSaP4_zTuQ9wHNLAd0FZbTxbTZiVpvlnOI7crVDPhVdXT6pDQ97SmDoumm4k3jS2QdvMZeTj3KCmbRjxX4hvZ9XZmKs4xDq5TMq1q77IZvvcJC3Mpncw=w408-h544-k-no,,operational,,,,,https://www.google.com/maps/search/?api=1&query=Hotel%20Haus%20Schwan%20K%C3%B6ln,https://www.google.com/maps/search/?api=1&query=Hotel%20Haus%20Schwan%20K%C3%B6ln,v0.9,2026-07-05T07:48:00.987Z
,Add a label,Köln,50676,"Address: Hohe Pforte 5-7, 50676 Köln",4.1,233,3,3,52,76,99,11,20,11 bis 20 Bewertungen aufgrund von Beschwerden wegen Diffamierung entfernt,https://www.xn--hotel-heinzelmnnchen-ozb.de/,https://lh3.googleusercontent.com/gps-proxy/ALd4DhFDhj1ZZkjXM_MLlhbP26hlAew2isIbw3RyIe6oefw_Tf-KzCjmssgl_HGWSwdei0BmXn53O61NFKfnm75_QZ6I4vFVIQXrjuaLy-rUA-FedfuiFFzqbdrBge4V9UDj06F4WNiIAAItTVE7JFSyzCxUzQGjpyEcZ39QNlg1SCMelje1R08ru2b8Qw=w408-h306-k-no,,operational,,,,,https://www.google.com/maps/search/?api=1&query=Hotel%20Heinzelm%C3%A4nnchen%20K%C3%B6ln,https://www.google.com/maps/search/?api=1&query=Hotel%20Heinzelm%C3%A4nnchen%20K%C3%B6ln,v0.9,2026-07-05T07:45:42.523Z
,Add a label,Altona,22767,"Address: Holstenstraße 3, 22767 Altona",4.1,117,6,1,15,47,48,21,50,21 bis 50 Bewertungen aufgrund von Beschwerden wegen Diffamierung entfernt,http://www.hotel-lafayette.de/,https://lh3.googleusercontent.com/gps-proxy/ALd4DhFit6m5Ljh5t2nXd1m5HfjytampbwWWX7H_dJQypBw03P1nXsQuV3kNf_9JY28zbwUPhdFfs1rezxbR5DPX2F1Ka03XPQgVf6OEQ9Tr30HYe3nTGQ6p5Bj4mjhUb0Gxcy3kk42zmET8o9BCGhtATu9hH9SSoQCOgYk7qlwDaL5-1c4VZSppXss=w408-h307-k-no,,operational,,,,,https://www.google.com/maps/search/?api=1&query=Hotel%20Lafayette%20Hamburg,https://www.google.com/maps/search/?api=1&query=Hotel%20Lafayette%20Hamburg,v0.9,2026-07-04T16:25:10.534Z
,Add a label,München-Au-Haidhausen,81541,"Address: Hochstraße 45, 81541 München-Au-Haidhausen",4.5,289,2,5,3,103,176,51,100,51 bis 100 Bewertungen aufgrund von Beschwerden wegen Diffamierung entfernt,http://www.hotel-prinz.de/,https://lh3.googleusercontent.com/gps-cs-s/APNQkAHGPKlh9OIkKR9ufkAoz7Rp9xzRxIoqUw5RuBmBicoON2oWQby1LY7JBTVg7ivHRiZYqyvVoHz1zB9VNF1xCo5tdEIA8IPtzryqDa_iPMJfSO4dgJobNcqTHhGiYsEXSYSBimqskg=w408-h272-k-no,,operational,,,,,https://www.google.com/maps/search/?api=1&query=Hotel%20Prinz%20M%C3%BCnchen,https://www.google.com/maps/search/?api=1&query=Hotel%20Prinz%20M%C3%BCnchen,v0.9,2026-07-05T01:26:05.017Z
,Add a label,Hamburg,20537,"Address: Hübbesweg 9, 20537 Hamburg",4.8,1925,2,1,5,324,1593,51,100,51 bis 100 Bewertungen aufgrund von Beschwerden wegen Diffamierung entfernt,http://www.hotel-volksschule.de/,https://lh3.googleusercontent.com/gps-cs-s/APNQkAGM6OaWNTShO0WD-tWdIji0O2g8HsuPolqU2Gj49-nj2TDMGHy1r9puKcUEx0Gp4Oog9w7oXEc3jA9jPbeERci2il3-GDTxCMEf7nN8C1zg-bB_J7laFk_K8eiCTHTJLoh9m9XR7w=w408-h272-k-no,,operational,,,,,https://www.google.com/maps/search/?api=1&query=Hotel%20Volksschule%20Hamburg,https://www.google.com/maps/search/?api=1&query=Hotel%20Volksschule%20Hamburg,v0.9,2026-07-04T16:23:26.892Z
,Add a label,München-Untergiesing-Harlaching,81547,"Address: Grünwalder Str. 16, 81547 München-Untergiesing-Harlaching",4.3,907,2,1,133,318,453,51,100,51 bis 100 Bewertungen aufgrund von Beschwerden wegen Diffamierung entfernt,http://www.wetterstein.com/,https://lh3.googleusercontent.com/gps-proxy/ALd4DhGvCZxfuSr4lk8KdeCjRU254cSP8u9oTnNInwAzGYUD49w-JaKUtcUjU0og3PFxRyA7sLU_Spqg8socNfXbzMKdJ-ZitREE9ohazhFaeVWrqZytnMFojYmGhV9hm1XUY-JCziqPomuxCnw8xeEuJELur368T7m49VCHa_ZGYywQa-EyDMBUQAN3kg=w408-h272-k-no,,operational,,,,,https://www.google.com/maps/search/?api=1&query=Hotel%20Wetterstein%20M%C3%BCnchen,https://www.google.com/maps/search/?api=1&query=Hotel%20Wetterstein%20M%C3%BCnchen,v0.9,2026-07-05T01:27:59.763Z
,Gyro restaurant,Nippes,50739,"Address: An d. Ling 2, 50739 Nippes",4.6,8,5,2,12,76,206,51,100,51 bis 100 Bewertungen aufgrund von Beschwerden wegen Diffamierung entfernt,,https://lh3.googleusercontent.com/gps-cs-s/APNQkAEzpFUF1Vj_lzprX8buQVahNd2sz1V-IeXx40cqTEC7aVUFYK0Frzns5ARfg84yizmHE5MLS5HmkJSgGFZ5N_riLH0YTqTQtFKEZT-UZjayBouIsvgmznhckoV02zwbpyXw0N6t54euOo9n=w408-h544-k-no,1,operational,,,,,https://www.google.com/maps/search/?api=1&query=Longericher%20Grill-Station%20K%C3%B6ln,https://www.google.com/maps/search/?api=1&query=Longericher%20Grill-Station%20K%C3%B6ln,v0.9,2026-07-05T07:14:29.479Z
,Hookah bar,München,80802,"Address: Leopoldstraße 19, 80802 München",4.6,8,44,2,2,57,519,51,100,51 bis 100 Bewertungen aufgrund von Beschwerden wegen Diffamierung entfernt,https://www.xn--masquerademnchen-tzb.de/,https://lh3.googleusercontent.com/gps-cs-s/APNQkAERk8kDCVxUvC7rSktPPkLatAt_P9TPBwOZH3TLR7C46hhNbmgQVW1M1ylNFNOgCLMWuK9dlMcFZwkekB12MC7DCm9SJEV5TA_ofzLuJ0W2NCojUuoJuXW9J7H6a3zSXY-1mnxu=w426-h240-k-no,1,operational,,,,,https://www.google.com/maps/search/?api=1&query=Masquerade%20M%C3%BCnchen,https://www.google.com/maps/search/?api=1&query=Masquerade%20M%C3%BCnchen,v0.9,2026-07-05T01:03:26.334Z
,Add a label,Wandsbek,22145,"Address: Meiendorfer Str. 101, 22145 Wandsbek",3,263,91,19,32,40,81,21,50,21 bis 50 Bewertungen aufgrund von Beschwerden wegen Diffamierung entfernt,http://www.meiendorfer-park.de/,https://lh3.googleusercontent.com/gps-proxy/ALd4DhFYJLPI1QG-wxmI56k5qbzyV8bisgtGfqboAFTot7yMCFLfRONQipL2j_M8HmTELxVdG74uiJ0RPUQSsGzCQhd15_RtBfnghkQDhYbSp94nrSoCp90HlvRP-SIEKY7OM7xemYpGLUVRvbDg0pn_oIIjK-5oZt1yqwjNvJLbNhbORDK2VxINAzHB=w408-h306-k-no,,operational,,,,,https://www.google.com/maps/search/?api=1&query=Meiendorfer%20Park%20Hamburg,https://www.google.com/maps/search/?api=1&query=Meiendorfer%20Park%20Hamburg,v0.9,2026-07-04T16:23:45.805Z
,Hair salon,Ehrenfeld,50825,"Address: Venloer Str. 350a, 50825 Ehrenfeld",4.7,3,4,0,1,17,85,11,20,11 bis 20 Bewertungen aufgrund von Beschwerden wegen Diffamierung entfernt,,https://lh3.googleusercontent.com/gps-cs-s/APNQkAFzh1vpSrDZ0qtiNwrR3gKUl_Injn6oVkdtaEc-z_V4W9HdJX9I1vJHrr0CTFN_GQNbI6o7L4KpuamVHWXHE9rStm40OEGXkJ2aP0DSOVNgXnR-s5gcK2Q5ZWeIiiNzzDmzIbTl2P5A-fM=w408-h544-k-no,,operational,,,,,https://www.google.com/maps/search/?api=1&query=Miray%20Hairstyling%20K%C3%B6ln,https://www.google.com/maps/search/?api=1&query=Miray%20Hairstyling%20K%C3%B6ln,v0.9,2026-07-05T05:48:22.216Z
,Turkish restaurant,Altona,20357,"Address: Susannenstraße 34-35, 20357 Altona",4.8,52,11,7,43,884,4660,51,100,51 bis 100 Bewertungen aufgrund von Beschwerden wegen Diffamierung entfernt,https://pamukkalerestaurant.de/,https://lh3.googleusercontent.com/gps-cs-s/APNQkAHnXX6CLnWl1AsnxHZqMrPNwveqS-PIdzdItarW5uv2G2vREc35v_0ZizIj5GwV00EXagJlsuSOInqdbKLckrvj4faf03YvjmK94bzKjU-UNCqS6VJOTWIEOpzLnhUCRmDFe3QS=w426-h240-k-no,2,operational,,,,,https://www.google.com/maps/search/?api=1&query=Pamukkale%20K%C3%B6z%20Hamburg,https://www.google.com/maps/search/?api=1&query=Pamukkale%20K%C3%B6z%20Hamburg,v0.9,2026-07-04T13:54:12.504Z
,Doner kebab restaurant,Köln,50672,"Address: Venloer Str. 37, 50672 Köln",4.2,13,29,21,20,47,199,11,20,11 bis 20 Bewertungen aufgrund von Beschwerden wegen Diffamierung entfernt,,https://lh3.googleusercontent.com/gps-cs-s/APNQkAGg800Pp3_M5kj-le0JMSSLOLeWIOF1hxTbYb7df9kbRgG9Q_zYF2pHpF5xLDH1zPRoWnpK4pFQG7Q6tlgnkUrK5kxHna9jvFbFl0i0Tp55OBPVg85uDamPt69oJNQGscjot_Kw0Q=w408-h544-k-no,1,operational,,,,,https://www.google.com/maps/search/?api=1&query=Park-Grill%20K%C3%B6ln,https://www.google.com/maps/search/?api=1&query=Park-Grill%20K%C3%B6ln,v0.9,2026-07-05T07:08:57.459Z
,Add a label,München-Ludwigsvorstadt-Isarvorstadt,80335,"Address: Bayerstraße 55, 80335 München-Ludwigsvorstadt-Isarvorstadt",4.3,78,3,1,15,10,49,21,50,21 bis 50 Bewertungen aufgrund von Beschwerden wegen Diffamierung entfernt,http://www.pension-central.com/,https://lh3.googleusercontent.com/gps-cs-s/APNQkAGSw9Ri-HKZjTCTNrlITADFinUlF4AqmhXhANwH_N_c7b4hKamJmMTA9OCaJzAzxD3_94J7nfHLFniQkkDWCph5qleZBqmhacvgh4TZbWW5EtuEkGS0CUsQX9CLqZVvK1k9QpgU=w408-h306-k-no,,operational,,,,,https://www.google.com/maps/search/?api=1&query=Pension%20Central%20M%C3%BCnchen,https://www.google.com/maps/search/?api=1&query=Pension%20Central%20M%C3%BCnchen,v0.9,2026-07-05T01:37:03.300Z
,Pizza restaurant,München-Au-Haidhausen,81667,"Address: Milchstraße 10, 81667 München-Au-Haidhausen",4.7,8,0,2,12,33,194,21,50,21 bis 50 Bewertungen aufgrund von Beschwerden wegen Diffamierung entfernt,https://pizzeria-europa-haidhausen.de/,https://lh3.googleusercontent.com/gps-cs-s/APNQkAEc_NF0MxwKX0amS6WPa5M0Sm436KjbwNJ7RRQtTNR7J_o003ePbNDkoAiqXrSvjGAdFQdqcoavMs6iY9MlFYzpkEyLqUt9ew5-sGqkjnaMQik2s_Jy-GEMmLYkIGmjFTetIo9KMQ_ch3Qp=w408-h244-k-no,1,operational,,,,,https://www.google.com/maps/search/?api=1&query=Pizzeria%20Vicari%20M%C3%BCnchen,https://www.google.com/maps/search/?api=1&query=Pizzeria%20Vicari%20M%C3%BCnchen,v0.9,2026-07-05T00:38:27.646Z
,Gym,Wandsbek,22359,"Address: Eulenkrugstraße 68, 22359 Wandsbek",4.8,13,5,6,3,28,357,11,20,11 bis 20 Bewertungen aufgrund von Beschwerden wegen Diffamierung entfernt,http://www.sports-club.de/volksdorf,https://lh3.googleusercontent.com/gps-cs-s/APNQkAFx7oJ9jasK23KRaXgrJEpl5tpJrNk66kWe5hzYCMWmGa0hY_pScNASlqh-qoQ72f-2MdAWQ5YkgvOBel1HB8q6upJasi_UMv4mr0BxGLBK3ijHuvrUKQpUu45Cr4b-QlAsrUdN0A=w426-h240-k-no,,operational,,,,,https://www.google.com/maps/search/?api=1&query=Royal%20Sports%20Hamburg,https://www.google.com/maps/search/?api=1&query=Royal%20Sports%20Hamburg,v0.9,2026-07-04T13:28:49.807Z
,Add a label,München-Pasing-Obermenzing,81243,"Address: Maria-Eich-Straße 32, 81243 München-Pasing-Obermenzing",4.2,396,12,9,72,110,193,21,50,21 bis 50 Bewertungen aufgrund von Beschwerden wegen Diffamierung entfernt,https://www.seibel-hotels-munich.de/seibels-park-hotel.html,https://lh3.googleusercontent.com/gps-proxy/ALd4DhHYPr1SVqTfsH0W8SmWoV934blfQkAYnDGJF4yyCRG7lW43TjGrixkdu_OCSI3_gP20aF99mgauHKweW9WBc8YxgFJCw1Cya26CQNZxJPskzG4_77WcWMZQYbbyG7WgrXO1ABKPgI9MNW3lxsUBTN8N46dsmhISrqMjO8RLn0C0pZAhAUQNy-Xx=w408-h271-k-no,,operational,,,,,https://www.google.com/maps/search/?api=1&query=Seibel%27s%20Park-Hotel%20M%C3%BCnchen,https://www.google.com/maps/search/?api=1&query=Seibel%27s%20Park-Hotel%20M%C3%BCnchen,v0.9,2026-07-05T01:30:54.777Z
,German restaurant,Hamburg,20357,"Address: Feldstraße 60, 20357 Hamburg",4.6,30,21,7,82,659,1415,250,,Über 250 Bewertungen aufgrund von Beschwerden wegen Diffamierung entfernt,http://www.september-hh.de/,https://lh3.googleusercontent.com/gps-cs-s/APNQkAGcck9wUF64YvFba8xxBsEPr2JCn5-OA7JD1JMXJ1ka_cAOVK_q8nQD8lpqJkiymySfnl8gMjm4xMDHyipnKhXjK0mdMY-7MIowIOlP1nRFZWYd21o9nH0XLpYmtkmMn0X9NJWDTQ=w408-h240-k-no,1,operational,,,,,https://www.google.com/maps/search/?api=1&query=September%20Hamburg,https://www.google.com/maps/search/?api=1&query=September%20Hamburg,v0.9,2026-07-04T14:09:09.507Z
,Gym,Wandsbek,22047,"Address: Friedrich-Ebert-Damm 128, 22047 Wandsbek",4.9,73,9,3,5,195,1593,51,100,51 bis 100 Bewertungen aufgrund von Beschwerden wegen Diffamierung entfernt,https://sports-club.de/hamburg-wandsbek/,https://lh3.googleusercontent.com/gps-cs-s/APNQkAF13toNVfhurpYCceuq9Qs4m8EXEFX8wMevJb8um8YESu4LbQZpH31rVC7PRqbnO_gfVu0EVRsTbdEI6CbBXLYdv771pvfAEFpGKoNxufUZhcF84ZNQnhvmlzRofCXXKJoCM2OmDg=w408-h272-k-no,,operational,,,,,https://www.google.com/maps/search/?api=1&query=Sports%20Club%20Wandsbek%20Hamburg,https://www.google.com/maps/search/?api=1&query=Sports%20Club%20Wandsbek%20Hamburg,v0.9,2026-07-04T13:30:05.405Z
,Doner kebab restaurant,Porz,51105,"Address: Siegburger Str. 308, 51105 Porz",4.5,3,11,2,11,20,127,21,50,21 bis 50 Bewertungen aufgrund von Beschwerden wegen Diffamierung entfernt,,https://lh3.googleusercontent.com/gps-cs-s/APNQkAGHOU_YojQquhFnpEnaVgI00ju8l1Asa585dFp6LB39ueNHZP0rtEyvVrtHjSD8elnv9MYNzS5fDvs60R2pNU-LARLPCNBsIot_mrMsYkNxJX1A-L1iTgLt42j5bPxeSmzb7TmUA1jmpoEO=w408-h306-k-no,1,operational,,,,,https://www.google.com/maps/search/?api=1&query=Steak%20D%C3%B6ner%20K%C3%B6ln,https://www.google.com/maps/search/?api=1&query=Steak%20D%C3%B6ner%20K%C3%B6ln,v0.9,2026-07-05T07:17:37.657Z
,Chinese restaurant,Köln,50668,"Address: Maximinenstraße 4, 50668 Köln",4.7,13,3,2,13,155,488,151,200,151 bis 200 Bewertungen aufgrund von Beschwerden wegen Diffamierung entfernt,http://www.tangwang.de/,https://lh3.googleusercontent.com/gps-cs-s/APNQkAFCViMSLmmKaXreEJl6evF1EwamLIJZUiWlRNlp4BK4XjCR1QkmdQUuEkw9NYyyQz4AtuY9e-X89--2wcC5ZFeD4FTcvISh0upjVacwEStrL3ytMv64e0UGV_LG_Ff2Fx4tRLqZ=w408-h272-k-no,1,operational,,,,,https://www.google.com/maps/search/?api=1&query=Tang%20Wang%20K%C3%B6ln,https://www.google.com/maps/search/?api=1&query=Tang%20Wang%20K%C3%B6ln,v0.9,2026-07-05T06:50:09.352Z
,Turkish restaurant,München-Au-Haidhausen,81667,"Address: Wörthstraße 10, 81667 München-Au-Haidhausen",4.8,22,5,2,9,73,638,21,50,21 bis 50 Bewertungen aufgrund von Beschwerden wegen Diffamierung entfernt,http://www.diyar.de/,https://lh3.googleusercontent.com/gps-cs-s/APNQkAEWuSUPOAZhXvCW8X6FJyZtYYBspdO9AUeo97MgZF92TAy0nvA9G7Wu59im9IHZaikb6etPqLIa0lp3g-zBdiRoYO8uNdX8fVQZFeDBaQdwqVtUEbQXcizbKZpAkT-0_6Q0Vp2B=w408-h306-k-no,1,operational,,,,,https://www.google.com/maps/search/?api=1&query=Taverna%20Diyar%20M%C3%BCnchen,https://www.google.com/maps/search/?api=1&query=Taverna%20Diyar%20M%C3%BCnchen,v0.9,2026-07-05T00:37:49.710Z
,Car dealer,Eimsbüttel,22457,"Address: Holsteiner Chaussee 172-178, 22457 Eimsbüttel",4.7,64,23,1,5,78,439,51,100,51 bis 100 Bewertungen aufgrund von Beschwerden wegen Diffamierung entfernt,https://tr-autos.de/,https://lh3.googleusercontent.com/gps-cs-s/APNQkAEPJdJ0a9ip7WT_QSQ_BIAUZhuAALqiOoQc3BDUb5zf5DMhOcA87wDtgKIN4A8Jbl2coFtgFnlJJqttyeYoJB2QLsEa-AoPw45PiuakYyNtaHWh0x2YEO_0Rd9xLxsL8OmEJlIUPA=w408-h272-k-no,,operational,,,,,https://www.google.com/maps/search/?api=1&query=Tecius%20%26%20Reimers%20Automobile%20Hamburg,https://www.google.com/maps/search/?api=1&query=Tecius%20%26%20Reimers%20Automobile%20Hamburg,v0.9,2026-07-04T12:26:13.894Z
,Car dealer,Wandsbek,22399,"Address: Harksheider Str. 17, 22399 Wandsbek",4.7,12,6,1,17,58,262,21,50,21 bis 50 Bewertungen aufgrund von Beschwerden wegen Diffamierung entfernt,https://www.stoltenberg.de/,https://lh3.googleusercontent.com/gps-cs-s/APNQkAFtrE3w04pyKjvKwcweLpL2l_1Tm5SnjFZGGebQiPfY4kjqwjGYH9l1bRA8X_f_kw_mIOBilRY7sBzvJGv3nx1lkIUx3ZfC_G0RaumRKzHyfBWqdBwYuPVhaP3kLO2Qs-tSmpk=w408-h408-k-no,,operational,,,,,https://www.google.com/maps/search/?api=1&query=Toyota%20Stoltenberg%20Hamburg,https://www.google.com/maps/search/?api=1&query=Toyota%20Stoltenberg%20Hamburg,v0.9,2026-07-04T12:21:30.463Z
,Legal services,München,80336,"Address: Beethovenstraße 12, 80336 München",3.8,2,8,0,0,0,19,21,50,21 bis 50 Bewertungen aufgrund von Beschwerden wegen Diffamierung entfernt,https://frommer.legal/,,,operational,,,,,https://www.google.com/maps/search/?api=1&query=WALDORF%20FROMMER%20M%C3%BCnchen,https://www.google.com/maps/search/?api=1&query=WALDORF%20FROMMER%20M%C3%BCnchen,v0.9,2026-07-04T21:56:10.075Z
,Italian restaurant,Mülheim,51069,"Address: Bergisch Gladbacher Str. 1124, 51069 Mülheim",4.8,2,1,1,0,117,414,51,100,51 bis 100 Bewertungen aufgrund von Beschwerden wegen Diffamierung entfernt,https://speisekartenweb.de/restaurants/k%C3%B6ln/alte-post-dellbr%C3%BCck-165438?utm_source=google_profile&utm_medium=google_profile&utm_campaign=admin,https://lh3.googleusercontent.com/gps-cs-s/APNQkAH1PaL5zHAl3xTByJzGSIdhJz2hM4K2TeoJhl-7NGg4seemuwQSN_3alt4r72g2FWMQszzhkCDKur6rIIA6VAfy2IhTMjq1ZG-vZnL3iZjua7KWxOwU9UXVliwoC1HNTeqqIEE9=w408-h510-k-no,1,operational,,,,,https://www.google.com/maps/search/?api=1&query=Zur%20alten%20Post%20K%C3%B6ln,https://www.google.com/maps/search/?api=1&query=Zur%20alten%20Post%20K%C3%B6ln,v0.9,2026-07-05T06:55:49.195Z
,Add a label,München-Laim,80687,"Address: Landsberger Str. 291, 80687 München-Laim",4.4,231,5,0,3,111,112,21,50,21 bis 50 Bewertungen aufgrund von Beschwerden wegen Diffamierung entfernt,https://www.hotel-tessin.eu/,https://lh3.googleusercontent.com/gps-cs-s/APNQkAFM15QlbtD6CH64rYKWWT3I9ERY4iwqICzP_4EbjBqlDAEt1YN3EDCuT9Ij4ZsHPEaLO_-J6zl2DhJBJaSaSiAvenH2viL8AtdqmioJRtI_o4Y27yvRbRaLjCIjUdNFE4jSTUD9=w408-h306-k-no,,operational,,,,,https://www.google.com/maps/search/?api=1&query=budget%20%26%20business%20Munich%20Hotel%20Tessin%20M%C3%BCnchen,https://www.google.com/maps/search/?api=1&query=budget%20%26%20business%20Munich%20Hotel%20Tessin%20M%C3%BCnchen,v0.9,2026-07-05T01:30:16.167Z
,Add a label,Köln,50670,"Address: Hansaring 82, 50670 Köln",3.4,264,32,43,53,58,78,21,50,21 bis 50 Bewertungen aufgrund von Beschwerden wegen Diffamierung entfernt,https://www.hotel-emir.de/,https://lh3.googleusercontent.com/gps-proxy/ALd4DhErIQK-tup6X7c8GPzH6w2vFqdl-dwaJVoKXVd0tp7P8dYo4ErXvyUnlmVXt58Sk7QC11a7xNDvjQkhDmaB-79CPv3EmzRI-TSRkBjqM7IisShw_paR3o4KLWfMleRloUX-sZe3sExz1k3wONojBJLCduaH6_byae3wsi2RGDB4jM7Gu8_zwFMY=w408-h272-k-no,,operational,,,,,https://www.google.com/maps/search/?api=1&query=hotel%20garni%20emir%20K%C3%B6ln,https://www.google.com/maps/search/?api=1&query=hotel%20garni%20emir%20K%C3%B6ln,v0.9,2026-07-05T07:31:16.843Z
,Mediterranean restaurant,Harburg,21079,"Address: Veritaskai 3, 21079 Harburg",4.8,5,2,1,1,157,643,21,50,21 bis 50 Bewertungen aufgrund von Beschwerden wegen Diffamierung entfernt,http://www.momentodi.com/,https://lh3.googleusercontent.com/gps-cs-s/APNQkAFTRcAWPlwg0uQlfVgc_1UqUNr0-T-lNafgK0UrjgQ2gz0aS-npJEGoVp4HM7J7IebTbFruPwC8xTqUJ_aBr0Hib48hrQ7gCn_Phbm1veIc1Om2PISjIyic3nUD0CurikWau8ZC=w426-h240-k-no,1,operational,,,,,https://www.google.com/maps/search/?api=1&query=momento%20di%20Hamburg,https://www.google.com/maps/search/?api=1&query=momento%20di%20Hamburg,v0.9,2026-07-04T14:04:24.904Z